betrieb_key;betrieb;konzept;status;umsatz_12m_netto;foodnotify_letzte_bestellung;strasse;plz;ort;breitengrad;laengengrad;genauigkeit;quelle_adresse;hinweis
138;Wirtshaus am Schlossplatz GmbH;Deutsche Konzepte;operativ;9461189;;Stauffenbergstr. 1;70173;Stuttgart;48.779458;9.180335;adresse;"LINA-Ladenakte Stammdatenblatt (01.09.2026); Koordinate OpenStreetMap/Nominatim (29.09.2026)";"traegt der Nachtlauf selbst ein; nur korrigieren, falls falsch (dann Zeile nach pflege/betrieb_standort.csv, herkunft=manuell)"
140;Wirtshaus Lautenschlager GmbH;Deutsche Konzepte;operativ;4485382;;Lautenschlagerstr. 24;70173;Stuttgart;48.780851;9.177333;adresse;"LINA-Ladenakte Stammdatenblatt (01.09.2026); Koordinate OpenStreetMap/Nominatim (29.09.2026)";"traegt der Nachtlauf selbst ein; nur korrigieren, falls falsch (dann Zeile nach pflege/betrieb_standort.csv, herkunft=manuell)"
122;WHK Gastronomie GmbH;Deutsche Konzepte;operativ;3569087;2026-09-27;Jägerstraße 17;97082;Würzburg;49.792680;9.914539;adresse;"LINA-Ladenakte Stammdatenblatt (01.09.2026); Koordinate OpenStreetMap/Nominatim (29.09.2026)";"traegt der Nachtlauf selbst ein; nur korrigieren, falls falsch (dann Zeile nach pflege/betrieb_standort.csv, herkunft=manuell)"
24;BS Bier & Speisen Gastro GmbH;Deutsche Konzepte;operativ;3181290;;Frölichstr 26;86150;Augsburg;48.367736;10.884913;adresse;"LINA-Ladenakte Stammdatenblatt (01.09.2026); Koordinate OpenStreetMap/Nominatim (29.09.2026)";"traegt der Nachtlauf selbst ein; nur korrigieren, falls falsch (dann Zeile nach pflege/betrieb_standort.csv, herkunft=manuell)"
66;Gastronomie Wilsdruffer Straße GmbH;Enchilada;operativ;1736473;;Wilsdruffer Str. 22;01067;Dresden;51.050963;13.735168;adresse;"LINA-Ladenakte Stammdatenblatt (01.09.2026); Koordinate OpenStreetMap/Nominatim (29.09.2026)";"traegt der Nachtlauf selbst ein; nur korrigieren, falls falsch (dann Zeile nach pflege/betrieb_standort.csv, herkunft=manuell)"
115;SCHAFFERONE GmbH;Kooperationspartner;operativ;1427762;;Mühlhauser Straße 54;86169;Augsburg;48.411996;10.922433;adresse;"LINA-Ladenakte Stammdatenblatt (01.09.2026); Koordinate OpenStreetMap/Nominatim (29.09.2026)";"traegt der Nachtlauf selbst ein; nur korrigieren, falls falsch (dann Zeile nach pflege/betrieb_standort.csv, herkunft=manuell)"
21;B+L Pforzheim GmbH;Deutsche Konzepte;operativ;1094020;2026-09-28;Schlossberg 16;75175;Pforzheim;48.892688;8.703119;adresse;"LINA-Ladenakte Stammdatenblatt (01.09.2026); Koordinate OpenStreetMap/Nominatim (29.09.2026)";"traegt der Nachtlauf selbst ein; nur korrigieren, falls falsch (dann Zeile nach pflege/betrieb_standort.csv, herkunft=manuell)"
97;GSF Gastro GmbH;Besitos;inaktiv;331569;;Karmeltenstr. 20;97070;Würzburg;49.793372;9.930978;"nur Ort (Strasse nicht gefunden: ""Karmeltenstr."" - Tippfehler in LINA?)";"LINA-Ladenakte Stammdatenblatt (01.09.2026); Koordinate OpenStreetMap/Nominatim (29.09.2026)";"traegt der Nachtlauf selbst ein; nur korrigieren, falls falsch (dann Zeile nach pflege/betrieb_standort.csv, herkunft=manuell)"
1;A Testladen Concept Family;Besitos;test;748;;Lohenstraße 8;82166;Gräfelfing;;;;LINA-Ladenakte Stammdatenblatt (01.09.2026);wird nicht automatisch eingetragen (Status test)
59;Enchilada Wuppertal;Enchi-Gruppe geschlossene;geschlossen;0;2025-10-05;Friedrich-Ebert-Straße 130;42117;Wuppertal;;;;LINA-Ladenakte Stammdatenblatt (01.09.2026);wird nicht automatisch eingetragen (Status geschlossen)
