konzept;bereich;gueltig_von;artikelnummer;bezeichnung;lieferant;rubrik;optional;nur_betriebe;quelle
Wilma Wunder;bar;2026-04-13;300047;"""Acai Berry"" Smoothie (Pomom)";Distra;;false;;WW_PAL_Bar_Sommer-Standardkarte_2026.pdf
Wilma Wunder;bar;2026-04-13;300070;"""Bali Bowl"" (Pomom)";Distra;;false;;WW_PAL_Bar_Sommer-Standardkarte_2026.pdf
Wilma Wunder;bar;2026-04-13;300049;"""Cinnamon Bowl"" (Pomom)";Distra;;false;;WW_PAL_Bar_Sommer-Standardkarte_2026.pdf
Wilma Wunder;bar;2026-04-13;300069;"""Pink Pitaya"" (Pomom)";Distra;;false;;WW_PAL_Bar_Sommer-Standardkarte_2026.pdf
Wilma Wunder;bar;2026-04-13;605;Angostura Bitter;Distra;;false;;WW_PAL_Bar_Sommer-Standardkarte_2026.pdf
Wilma Wunder;bar;2026-04-13;9501;Aperol;Distra;;false;;WW_PAL_Bar_Sommer-Standardkarte_2026.pdf
Wilma Wunder;bar;2026-04-13;90141;Apricot Brandy;Distra;;false;;WW_PAL_Bar_Sommer-Standardkarte_2026.pdf
Wilma Wunder;bar;2026-04-13;964;Bailey's;Distra;;false;;WW_PAL_Bar_Sommer-Standardkarte_2026.pdf
Wilma Wunder;bar;2026-04-13;955;Bacardi Rum;Distra;;false;;WW_PAL_Bar_Sommer-Standardkarte_2026.pdf
Wilma Wunder;bar;2026-04-13;77751;Berliner Luft;Distra;;false;;WW_PAL_Bar_Sommer-Standardkarte_2026.pdf
Wilma Wunder;bar;2026-04-13;200022;Blanc de rouge Villa Neus;Distra;;false;;WW_PAL_Bar_Sommer-Standardkarte_2026.pdf
Wilma Wunder;bar;2026-04-13;400143;Blütenmix;Distra;;false;;WW_PAL_Bar_Sommer-Standardkarte_2026.pdf
Wilma Wunder;bar;2026-04-13;987;Bombay Gin;Distra;;false;;WW_PAL_Bar_Sommer-Standardkarte_2026.pdf
Wilma Wunder;bar;2026-04-13;78851;Captain Morgan Dark Rum;Distra;;false;;WW_PAL_Bar_Sommer-Standardkarte_2026.pdf
Wilma Wunder;bar;2026-04-13;3915058;Chai und zuckerfrei;Distra;;false;;WW_PAL_Bar_Sommer-Standardkarte_2026.pdf
Wilma Wunder;bar;2026-04-13;6750;Dörrorangenscheibe;Distra;;false;;WW_PAL_Bar_Sommer-Standardkarte_2026.pdf
Wilma Wunder;bar;2026-04-13;6753;Dörrzitronenscheibe;Distra;;false;;WW_PAL_Bar_Sommer-Standardkarte_2026.pdf
Wilma Wunder;bar;2026-04-13;27155;Dunkle Schokoladen Kuvertüre (Heiße Schokolade);Distra;;false;;WW_PAL_Bar_Sommer-Standardkarte_2026.pdf
Wilma Wunder;bar;2026-04-13;200217;Gin Sul;Distra;;false;;WW_PAL_Bar_Sommer-Standardkarte_2026.pdf
Wilma Wunder;bar;2026-04-13;200208;Giffard Veilchen;Distra;;false;;WW_PAL_Bar_Sommer-Standardkarte_2026.pdf
Wilma Wunder;bar;2026-04-13;200147;Giffard Grenadine;Distra;;false;;WW_PAL_Bar_Sommer-Standardkarte_2026.pdf
Wilma Wunder;bar;2026-04-13;200209;Giffard Himbeerpüree;Distra;;false;;WW_PAL_Bar_Sommer-Standardkarte_2026.pdf
Wilma Wunder;bar;2026-04-13;200149;Giffard Kokos;Distra;;false;;WW_PAL_Bar_Sommer-Standardkarte_2026.pdf
Wilma Wunder;bar;2026-04-13;200162;Giffard Lavendel;Distra;;false;;WW_PAL_Bar_Sommer-Standardkarte_2026.pdf
Wilma Wunder;bar;2026-04-13;200144;Giffard Mango;Distra;;false;;WW_PAL_Bar_Sommer-Standardkarte_2026.pdf
Wilma Wunder;bar;2026-04-13;200137;Giffard Rohrzucker;Distra;;false;;WW_PAL_Bar_Sommer-Standardkarte_2026.pdf
Wilma Wunder;bar;2026-04-13;200146;Giffard Rose;Distra;;false;;WW_PAL_Bar_Sommer-Standardkarte_2026.pdf
Wilma Wunder;bar;2026-04-13;200141;Giffard Vanille;Distra;;false;;WW_PAL_Bar_Sommer-Standardkarte_2026.pdf
Wilma Wunder;bar;2026-04-13;10953;Hausgemachter Eisteesirup;Distra;;false;;WW_PAL_Bar_Sommer-Standardkarte_2026.pdf
Wilma Wunder;bar;2026-04-13;10957;Hausgemachter Grapefruit-Sirup;Distra;;false;;WW_PAL_Bar_Sommer-Standardkarte_2026.pdf
Wilma Wunder;bar;2026-04-13;7302;Havana Club 3 Jahre;Distra;;false;;WW_PAL_Bar_Sommer-Standardkarte_2026.pdf
Wilma Wunder;bar;2026-04-13;200120;Holunderblütensirup zuckerfrei;Distra;;false;;WW_PAL_Bar_Sommer-Standardkarte_2026.pdf
Wilma Wunder;bar;2026-04-13;200183;Jägermeister Orange;Distra;;false;;WW_PAL_Bar_Sommer-Standardkarte_2026.pdf
Wilma Wunder;bar;2026-04-13;779160;Kessler Sekt;Distra;;false;;WW_PAL_Bar_Sommer-Standardkarte_2026.pdf
Wilma Wunder;bar;2026-04-13;200043;Kessler Rosé Sekt;Distra;;false;;WW_PAL_Bar_Sommer-Standardkarte_2026.pdf
Wilma Wunder;bar;2026-04-13;5271;Lillet Blanc;Distra;;false;;WW_PAL_Bar_Sommer-Standardkarte_2026.pdf
Wilma Wunder;bar;2026-04-13;7773;Mandarine Napoleone;Distra;;false;;WW_PAL_Bar_Sommer-Standardkarte_2026.pdf
Wilma Wunder;bar;2026-04-13;500069;Matcha Pistazie YEAH;Distra;;false;;WW_PAL_Bar_Sommer-Standardkarte_2026.pdf
Wilma Wunder;bar;2026-04-13;108804;Monin Birnenpüree;Distra;;false;;WW_PAL_Bar_Sommer-Standardkarte_2026.pdf
Wilma Wunder;bar;2026-04-13;108806;Monin Coldbrew Konzentrat;Distra;;false;;WW_PAL_Bar_Sommer-Standardkarte_2026.pdf
Wilma Wunder;bar;2026-04-13;200124;Monin Pure Rote Früchte Konzentrat;Distra;;false;;WW_PAL_Bar_Sommer-Standardkarte_2026.pdf
Wilma Wunder;bar;2026-04-13;517;Monkey 47 Schwarzwald Dry Gin;Distra;;false;;WW_PAL_Bar_Sommer-Standardkarte_2026.pdf
Wilma Wunder;bar;2026-04-13;200214;Müller-Oswald Scheurebe;Distra;;false;;WW_PAL_Bar_Sommer-Standardkarte_2026.pdf
Wilma Wunder;bar;2026-04-13;200215;Müller-Oswald Cabernet Mitos;Distra;;false;;WW_PAL_Bar_Sommer-Standardkarte_2026.pdf
Wilma Wunder;bar;2026-04-13;780017;Nymphenburg Sekt alkoholfrei;Distra;;false;;WW_PAL_Bar_Sommer-Standardkarte_2026.pdf
Wilma Wunder;bar;2026-04-13;807;Prinz Alte Marille;Distra;;false;;WW_PAL_Bar_Sommer-Standardkarte_2026.pdf
Wilma Wunder;bar;2026-04-13;808;Prinz Alte Wald-Himbeere;Distra;;false;;WW_PAL_Bar_Sommer-Standardkarte_2026.pdf
Wilma Wunder;bar;2026-04-13;806;Prinz Alte Williamsbirne;Distra;;false;;WW_PAL_Bar_Sommer-Standardkarte_2026.pdf
Wilma Wunder;bar;2026-04-13;779137;Rosé, Kitzer, trocken;Distra;;false;;WW_PAL_Bar_Sommer-Standardkarte_2026.pdf
Wilma Wunder;bar;2026-04-13;500074;Rosmarin Cracker;Distra;;false;;WW_PAL_Bar_Sommer-Standardkarte_2026.pdf
Wilma Wunder;bar;2026-04-13;200012;Sarti Rosa;Distra;;false;;WW_PAL_Bar_Sommer-Standardkarte_2026.pdf
Wilma Wunder;bar;2026-04-13;779131;Sauvignon Blanc, Kitzer, trocken;Distra;;false;;WW_PAL_Bar_Sommer-Standardkarte_2026.pdf
Wilma Wunder;bar;2026-04-13;200220;Schmittmann Edelkorn;Distra;;false;;WW_PAL_Bar_Sommer-Standardkarte_2026.pdf
Wilma Wunder;bar;2026-04-13;779112;Secco Bianco Frizzante;Distra;;false;;WW_PAL_Bar_Sommer-Standardkarte_2026.pdf
Wilma Wunder;bar;2026-04-13;9712;Smirnoff Red Label Vodka;Distra;;false;;WW_PAL_Bar_Sommer-Standardkarte_2026.pdf
Wilma Wunder;bar;2026-04-13;7770;St. Germain;Distra;;false;;WW_PAL_Bar_Sommer-Standardkarte_2026.pdf
Wilma Wunder;bar;2026-04-13;400441;Trinkhalm cremeweiß;Distra;;false;;WW_PAL_Bar_Sommer-Standardkarte_2026.pdf
Wilma Wunder;bar;2026-04-13;500091;Ube Latte YEAH;Distra;;false;;WW_PAL_Bar_Sommer-Standardkarte_2026.pdf
Wilma Wunder;bar;2026-04-13;779141;WW Lieblingswein, Kitzer, trocken;Distra;;false;;WW_PAL_Bar_Sommer-Standardkarte_2026.pdf
Wilma Wunder;bar;2026-04-13;496;Zitronensaft (Ersatzprodukt: Frozen Lemon 490);Distra;;false;;WW_PAL_Bar_Sommer-Standardkarte_2026.pdf
Wilma Wunder;bar;2026-04-13;60038400;Ahoj Brausepulver 4-fach sortiert;Chefs Culinar;;false;;WW_PAL_Bar_Sommer-Standardkarte_2026.pdf
Wilma Wunder;bar;2026-04-13;60149869;Beerenmischung TK;Chefs Culinar;;false;;WW_PAL_Bar_Sommer-Standardkarte_2026.pdf
Wilma Wunder;bar;2026-04-13;15698261;Eigelb;Chefs Culinar;;false;;WW_PAL_Bar_Sommer-Standardkarte_2026.pdf
Wilma Wunder;bar;2026-04-13;13187903;Granatapfelsaft;Chefs Culinar;;false;;WW_PAL_Bar_Sommer-Standardkarte_2026.pdf
Wilma Wunder;bar;2026-04-13;60115766;Gimme Gelato Schokoladeneis;Chefs Culinar;;false;;WW_PAL_Bar_Sommer-Standardkarte_2026.pdf
Wilma Wunder;bar;2026-04-13;60115800;Gimme Gelato Vanille-Hafer vegan;Chefs Culinar;;false;;WW_PAL_Bar_Sommer-Standardkarte_2026.pdf
Wilma Wunder;bar;2026-04-13;60115794;Gimme Gelato Erdbeersorbet;Chefs Culinar;;false;;WW_PAL_Bar_Sommer-Standardkarte_2026.pdf
Wilma Wunder;bar;2026-04-13;18217568;Haferdrink Naarman;Chefs Culinar;;false;;WW_PAL_Bar_Sommer-Standardkarte_2026.pdf
Wilma Wunder;bar;2026-04-13;20076269;H-Milch 3,5% 10L (waren vorher nur 5l);Chefs Culinar;;false;;WW_PAL_Bar_Sommer-Standardkarte_2026.pdf
Wilma Wunder;bar;2026-04-13;18459241;H-Milch 3,5% 1L;Chefs Culinar;;false;;WW_PAL_Bar_Sommer-Standardkarte_2026.pdf
Wilma Wunder;bar;2026-04-13;60083040;H-Milch 3,5% 1L laktosefrei;Chefs Culinar;;false;;WW_PAL_Bar_Sommer-Standardkarte_2026.pdf
Wilma Wunder;bar;2026-04-13;15955401;H-Sahne 30% (Sahnespender);Chefs Culinar;;false;;WW_PAL_Bar_Sommer-Standardkarte_2026.pdf
Wilma Wunder;bar;2026-04-13;12121403;Hafertaler;Chefs Culinar;;false;;WW_PAL_Bar_Sommer-Standardkarte_2026.pdf
Wilma Wunder;bar;2026-04-13;12290833;Honigsticks;Chefs Culinar;;false;;WW_PAL_Bar_Sommer-Standardkarte_2026.pdf
Wilma Wunder;bar;2026-04-13;17165655;Isi-Sahnekapseln (Sahnespender: Alternative zur Sprühsahne);Chefs Culinar;;false;;WW_PAL_Bar_Sommer-Standardkarte_2026.pdf
Wilma Wunder;bar;2026-04-13;17141659;Kakao Drink;Chefs Culinar;;false;;WW_PAL_Bar_Sommer-Standardkarte_2026.pdf
Wilma Wunder;bar;2026-04-13;15345615;Kardamomkapseln;Chefs Culinar;;false;;WW_PAL_Bar_Sommer-Standardkarte_2026.pdf
Wilma Wunder;bar;2026-04-13;15847294;Koriander ganz;Chefs Culinar;;false;;WW_PAL_Bar_Sommer-Standardkarte_2026.pdf
Wilma Wunder;bar;2026-04-13;17377485;Krümelkandis;Chefs Culinar;;false;;WW_PAL_Bar_Sommer-Standardkarte_2026.pdf
Wilma Wunder;bar;2026-04-13;16873131;Mandelmilch Barista;Chefs Culinar;;false;;WW_PAL_Bar_Sommer-Standardkarte_2026.pdf
Wilma Wunder;bar;2026-04-13;10188026;Oliven grün gefüllt;Chefs Culinar;;false;;WW_PAL_Bar_Sommer-Standardkarte_2026.pdf
Wilma Wunder;bar;2026-04-13;12040032;Orangia Sun Gewürzzubereitung;Chefs Culinar;;false;;WW_PAL_Bar_Sommer-Standardkarte_2026.pdf
Wilma Wunder;bar;2026-04-13;18668162;Orangensaft m. Fruchtfleisch;Chefs Culinar;;false;;WW_PAL_Bar_Sommer-Standardkarte_2026.pdf
Wilma Wunder;bar;2026-04-13;20020194;Puderzucker;Chefs Culinar;;false;;WW_PAL_Bar_Sommer-Standardkarte_2026.pdf
Wilma Wunder;bar;2026-04-13;15429872;Rosa Pfeffer ganz;Chefs Culinar;;false;;WW_PAL_Bar_Sommer-Standardkarte_2026.pdf
Wilma Wunder;bar;2026-04-13;60021753;Rote Bete Saft;Chefs Culinar;;false;;WW_PAL_Bar_Sommer-Standardkarte_2026.pdf
Wilma Wunder;bar;2026-04-13;10001783;Sprühsahne, 700ml (Alternative zum Sahnespender);Chefs Culinar;;false;;WW_PAL_Bar_Sommer-Standardkarte_2026.pdf
Wilma Wunder;bar;2026-04-13;14038075;Ulmer Raspelschokolade;Chefs Culinar;;false;;WW_PAL_Bar_Sommer-Standardkarte_2026.pdf
Wilma Wunder;bar;2026-04-13;16327115;Bourbon Vanille gemahlen;Chefs Culinar;;false;;WW_PAL_Bar_Sommer-Standardkarte_2026.pdf
Wilma Wunder;bar;2026-04-13;20019044;Vanille Zucker;Chefs Culinar;;false;;WW_PAL_Bar_Sommer-Standardkarte_2026.pdf
Wilma Wunder;bar;2026-04-13;17012744;Wacholderbeeren ganz;Chefs Culinar;;false;;WW_PAL_Bar_Sommer-Standardkarte_2026.pdf
Wilma Wunder;bar;2026-04-13;20020163;Zucker weiß;Chefs Culinar;;false;;WW_PAL_Bar_Sommer-Standardkarte_2026.pdf
Wilma Wunder;bar;2026-04-13;14931338;Zuckerstreusel bunt;Chefs Culinar;;false;;WW_PAL_Bar_Sommer-Standardkarte_2026.pdf
Wilma Wunder;bar;2026-04-13;;Acai Pulver;Wilmas Zauberladen;;false;;WW_PAL_Bar_Sommer-Standardkarte_2026.pdf
Wilma Wunder;bar;2026-04-13;;Getrocknete Hibiskusblüten;Wilmas Zauberladen;;false;;WW_PAL_Bar_Sommer-Standardkarte_2026.pdf
Wilma Wunder;bar;2026-04-13;;"""Alle Mann an Bord"" Assamtee";Trink Meer Tee;;false;;WW_PAL_Bar_Sommer-Standardkarte_2026.pdf
Wilma Wunder;bar;2026-04-13;;"""Watt ist denn hier los"" Earl Grey";Trink Meer Tee;;false;;WW_PAL_Bar_Sommer-Standardkarte_2026.pdf
Wilma Wunder;bar;2026-04-13;;"""Anker lichten"" Grüntee";Trink Meer Tee;;false;;WW_PAL_Bar_Sommer-Standardkarte_2026.pdf
Wilma Wunder;bar;2026-04-13;;"""Rette mit, wer kann"" Kräutertee";Trink Meer Tee;;false;;WW_PAL_Bar_Sommer-Standardkarte_2026.pdf
Wilma Wunder;bar;2026-04-13;;"""Rückenwind"" Früchtetee";Trink Meer Tee;;false;;WW_PAL_Bar_Sommer-Standardkarte_2026.pdf
Wilma Wunder;bar;2026-04-13;;"""Flitzpiepe"" Rooibostee";Trink Meer Tee;;false;;WW_PAL_Bar_Sommer-Standardkarte_2026.pdf
Wilma Wunder;bar;2026-04-13;80107;Glytter Pulver Gold;DekoBack;;false;;WW_PAL_Bar_Sommer-Standardkarte_2026.pdf
Wilma Wunder;bar;2026-04-13;;Granini Apfelsaft naturtrüb;GFGH;;false;;WW_PAL_Bar_Sommer-Standardkarte_2026.pdf
Wilma Wunder;bar;2026-04-13;;Granini Ananassaft;GFGH;;false;;WW_PAL_Bar_Sommer-Standardkarte_2026.pdf
Wilma Wunder;bar;2026-04-13;;Granini Cranberry;GFGH;;false;;WW_PAL_Bar_Sommer-Standardkarte_2026.pdf
Wilma Wunder;bar;2026-04-13;;Granini Johannisbeernektar;GFGH;;false;;WW_PAL_Bar_Sommer-Standardkarte_2026.pdf
Wilma Wunder;bar;2026-04-13;;Granini Maracujanektar;GFGH;;false;;WW_PAL_Bar_Sommer-Standardkarte_2026.pdf
Wilma Wunder;bar;2026-04-13;;Granini Pfirsichnektar;GFGH;;false;;WW_PAL_Bar_Sommer-Standardkarte_2026.pdf
Wilma Wunder;bar;2026-04-13;;Granini Rhabarber;GFGH;;false;;WW_PAL_Bar_Sommer-Standardkarte_2026.pdf
Wilma Wunder;bar;2026-04-13;;Granini Lemon Squash;GFGH;;false;;WW_PAL_Bar_Sommer-Standardkarte_2026.pdf
Wilma Wunder;bar;2026-04-13;;7 Up;GFGH;;false;;WW_PAL_Bar_Sommer-Standardkarte_2026.pdf
Wilma Wunder;bar;2026-04-13;;Pepsi Cola;GFGH;;false;;WW_PAL_Bar_Sommer-Standardkarte_2026.pdf
Wilma Wunder;bar;2026-04-13;;Pepsi Cola Zero;GFGH;;false;;WW_PAL_Bar_Sommer-Standardkarte_2026.pdf
Wilma Wunder;bar;2026-04-13;;Schwip Schwap Orange;GFGH;;false;;WW_PAL_Bar_Sommer-Standardkarte_2026.pdf
Wilma Wunder;bar;2026-04-13;;Schweppes Bitter Lemon;GFGH;;false;;WW_PAL_Bar_Sommer-Standardkarte_2026.pdf
Wilma Wunder;bar;2026-04-13;;Schweppes Dry Tonic Water;GFGH;;false;;WW_PAL_Bar_Sommer-Standardkarte_2026.pdf
Wilma Wunder;bar;2026-04-13;;Schweppes Ginger Ale;GFGH;;false;;WW_PAL_Bar_Sommer-Standardkarte_2026.pdf
Wilma Wunder;bar;2026-04-13;;Schweppes Ginger B.;GFGH;;false;;WW_PAL_Bar_Sommer-Standardkarte_2026.pdf
Wilma Wunder;bar;2026-04-13;;Schweppes Wild Berry;GFGH;;false;;WW_PAL_Bar_Sommer-Standardkarte_2026.pdf
Wilma Wunder;bar;2026-04-13;16060510;Ingwer;CF Gastro;;false;;WW_PAL_Bar_Sommer-Standardkarte_2026.pdf
Wilma Wunder;bar;2026-04-13;12520515;Limetten;CF Gastro;;false;;WW_PAL_Bar_Sommer-Standardkarte_2026.pdf
Wilma Wunder;bar;2026-04-13;13298142;Minze;CF Gastro;;false;;WW_PAL_Bar_Sommer-Standardkarte_2026.pdf
Wilma Wunder;bar;2026-04-13;12342510;Orange;CF Gastro;;false;;WW_PAL_Bar_Sommer-Standardkarte_2026.pdf
Wilma Wunder;bar;2026-04-13;13298328;Rosmarin;CF Gastro;;false;;WW_PAL_Bar_Sommer-Standardkarte_2026.pdf
Wilma Wunder;bar;2026-04-13;12502510;Zitrone;CF Gastro;;false;;WW_PAL_Bar_Sommer-Standardkarte_2026.pdf
Wilma Wunder;kueche;2026-04-13;4035;1000-Sassa;Distra;;false;;WW_PAL_Küche_Sommer-Standardkarte_2026.pdf
Wilma Wunder;kueche;2026-04-13;400108;Backpapierzuschnitte 25*25cm;Distra;;false;;WW_PAL_Küche_Sommer-Standardkarte_2026.pdf
Wilma Wunder;kueche;2026-04-13;1040;Bacon in Scheiben;Distra;;false;;WW_PAL_Küche_Sommer-Standardkarte_2026.pdf
Wilma Wunder;kueche;2026-04-13;301732;Baguette de Paris;Distra;;false;;WW_PAL_Küche_Sommer-Standardkarte_2026.pdf
Wilma Wunder;kueche;2026-04-13;482;Basis Balsamico Dressing hell;Distra;;false;;WW_PAL_Küche_Sommer-Standardkarte_2026.pdf
Wilma Wunder;kueche;2026-04-13;500117;Bebivita Feines Gemüse;Distra;;false;;WW_PAL_Küche_Sommer-Standardkarte_2026.pdf
Wilma Wunder;kueche;2026-04-13;500118;Bebvita Maracuja-Apfel-Pfirsich;Distra;;false;;WW_PAL_Küche_Sommer-Standardkarte_2026.pdf
Wilma Wunder;kueche;2026-04-13;306033;Bechamel Sauce Lukull;Distra;;false;;WW_PAL_Küche_Sommer-Standardkarte_2026.pdf
Wilma Wunder;kueche;2026-04-13;300163;Brioche;Distra;;false;;WW_PAL_Küche_Sommer-Standardkarte_2026.pdf
Wilma Wunder;kueche;2026-04-13;400143;Blütenmix;Distra;;false;;WW_PAL_Küche_Sommer-Standardkarte_2026.pdf
Wilma Wunder;kueche;2026-04-13;301743;Buttercroissant;Distra;;false;;WW_PAL_Küche_Sommer-Standardkarte_2026.pdf
Wilma Wunder;kueche;2026-04-13;500080;Caesardressing;Distra;;false;;WW_PAL_Küche_Sommer-Standardkarte_2026.pdf
Wilma Wunder;kueche;2026-04-13;300156;Champignonrahmsauce;Distra;;false;;WW_PAL_Küche_Sommer-Standardkarte_2026.pdf
Wilma Wunder;kueche;2026-04-13;777821;Crema Tartuffo;Distra;;false;;WW_PAL_Küche_Sommer-Standardkarte_2026.pdf
Wilma Wunder;kueche;2026-04-13;482046;Crunchy Müsli Ahorn Mandel;Distra;;false;;WW_PAL_Küche_Sommer-Standardkarte_2026.pdf
Wilma Wunder;kueche;2026-04-13;4034;Dinkel-Süsskartoffel (Spiegel);Distra;;false;;WW_PAL_Küche_Sommer-Standardkarte_2026.pdf
Wilma Wunder;kueche;2026-04-13;300129;Edamamesauce mit Kokosmilch;Distra;;false;;WW_PAL_Küche_Sommer-Standardkarte_2026.pdf
Wilma Wunder;kueche;2026-04-13;486;Enchilada Burgersauce;Distra;;false;;WW_PAL_Küche_Sommer-Standardkarte_2026.pdf
Wilma Wunder;kueche;2026-04-13;4825;Erdbeer-Tonka Fruchtaufstrich;Distra;;false;;WW_PAL_Küche_Sommer-Standardkarte_2026.pdf
Wilma Wunder;kueche;2026-04-13;4824;Feigenchutney;Distra;;false;;WW_PAL_Küche_Sommer-Standardkarte_2026.pdf
Wilma Wunder;kueche;2026-04-13;300151;Flammkuchenboden oval;Distra;;false;;WW_PAL_Küche_Sommer-Standardkarte_2026.pdf
Wilma Wunder;kueche;2026-04-13;500066;Frittieröl Una;Distra;;false;;WW_PAL_Küche_Sommer-Standardkarte_2026.pdf
Wilma Wunder;kueche;2026-04-13;2641;Frischkäse;Distra;;false;;WW_PAL_Küche_Sommer-Standardkarte_2026.pdf
Wilma Wunder;kueche;2026-04-13;482045;Gemüsechips mit Meersalz;Distra;;false;;WW_PAL_Küche_Sommer-Standardkarte_2026.pdf
Wilma Wunder;kueche;2026-04-13;300199;Gimme Gelato Vanille-Hafer;Distra;;false;;WW_PAL_Küche_Sommer-Standardkarte_2026.pdf
Wilma Wunder;kueche;2026-04-13;300167;Gimme Gelato Schokolade;Distra;;false;;WW_PAL_Küche_Sommer-Standardkarte_2026.pdf
Wilma Wunder;kueche;2026-04-13;300165;Gimme Gelato Erdbeersorbet;Distra;;false;;WW_PAL_Küche_Sommer-Standardkarte_2026.pdf
Wilma Wunder;kueche;2026-04-13;300203;Gimme Gelato Erdbeersauce;Distra;;false;;WW_PAL_Küche_Sommer-Standardkarte_2026.pdf
Wilma Wunder;kueche;2026-04-13;54017;Guacamole;Distra;;false;;WW_PAL_Küche_Sommer-Standardkarte_2026.pdf
Wilma Wunder;kueche;2026-04-13;500110;Hartkäse;Distra;;false;;WW_PAL_Küche_Sommer-Standardkarte_2026.pdf
Wilma Wunder;kueche;2026-04-13;300159;Huhn;Distra;;false;;WW_PAL_Küche_Sommer-Standardkarte_2026.pdf
Wilma Wunder;kueche;2026-04-13;300149;Kalbsschnitzel á 220 g;Distra;;false;;WW_PAL_Küche_Sommer-Standardkarte_2026.pdf
Wilma Wunder;kueche;2026-04-13;500055;Karotten-Ingwer Aufstrich;Distra;;false;;WW_PAL_Küche_Sommer-Standardkarte_2026.pdf
Wilma Wunder;kueche;2026-04-13;500085;Konjaknudeln;Distra;;false;;WW_PAL_Küche_Sommer-Standardkarte_2026.pdf
Wilma Wunder;kueche;2026-04-13;300154;Küstendressing (Sanddorn);Distra;;false;;WW_PAL_Küche_Sommer-Standardkarte_2026.pdf
Wilma Wunder;kueche;2026-04-13;500115;Leerdammer Käse;Distra;;false;;WW_PAL_Küche_Sommer-Standardkarte_2026.pdf
Wilma Wunder;kueche;2026-04-13;500058;Marinierter Sesam;Distra;;false;;WW_PAL_Küche_Sommer-Standardkarte_2026.pdf
Wilma Wunder;kueche;2026-04-13;500105;Meerrettich frisch;Distra;;false;;WW_PAL_Küche_Sommer-Standardkarte_2026.pdf
Wilma Wunder;kueche;2026-04-13;301742;Mini-Baguette (Finedor);Distra;;false;;WW_PAL_Küche_Sommer-Standardkarte_2026.pdf
Wilma Wunder;kueche;2026-04-13;500097;Olivenöl;Distra;;false;;WW_PAL_Küche_Sommer-Standardkarte_2026.pdf
Wilma Wunder;kueche;2026-04-13;2210015;Trüffelöl;Distra;;false;;WW_PAL_Küche_Sommer-Standardkarte_2026.pdf
Wilma Wunder;kueche;2026-04-13;500056;Pistaziencreme;Distra;;false;;WW_PAL_Küche_Sommer-Standardkarte_2026.pdf
Wilma Wunder;kueche;2026-04-13;500083;Pistazien gehackt;Distra;;false;;WW_PAL_Küche_Sommer-Standardkarte_2026.pdf
Wilma Wunder;kueche;2026-04-13;300090;Räucherlachs;Distra;;false;;WW_PAL_Küche_Sommer-Standardkarte_2026.pdf
Wilma Wunder;kueche;2026-04-13;300072;Rinderroulade 300g;Distra;;false;;WW_PAL_Küche_Sommer-Standardkarte_2026.pdf
Wilma Wunder;kueche;2026-04-13;4815;Rotkohl;Distra;;false;;WW_PAL_Küche_Sommer-Standardkarte_2026.pdf
Wilma Wunder;kueche;2026-04-13;500098;Schinkenspeckstreifen;Distra;;false;;WW_PAL_Küche_Sommer-Standardkarte_2026.pdf
Wilma Wunder;kueche;2026-04-13;306031;Schmand 5kg;Distra;;false;;WW_PAL_Küche_Sommer-Standardkarte_2026.pdf
Wilma Wunder;kueche;2026-04-13;300142;Schweineschnitzel 120g;Distra;;false;;WW_PAL_Küche_Sommer-Standardkarte_2026.pdf
Wilma Wunder;kueche;2026-04-13;300005;Scoop&Bake Cookie Dough TK;Distra;;false;;WW_PAL_Küche_Sommer-Standardkarte_2026.pdf
Wilma Wunder;kueche;2026-04-13;300103;Serviettenknödel (optional);Distra;;true;;WW_PAL_Küche_Sommer-Standardkarte_2026.pdf
Wilma Wunder;kueche;2026-04-13;300092;Rote Beete Hummus TK;Distra;;false;;WW_PAL_Küche_Sommer-Standardkarte_2026.pdf
Wilma Wunder;kueche;2026-04-13;300074;Tortellini Salmone;Distra;;false;;WW_PAL_Küche_Sommer-Standardkarte_2026.pdf
Wilma Wunder;kueche;2026-04-13;300067;Veganes Schnitzel á 80g;Distra;;false;;WW_PAL_Küche_Sommer-Standardkarte_2026.pdf
Wilma Wunder;kueche;2026-04-13;300117;Veganes Beef;Distra;;false;;WW_PAL_Küche_Sommer-Standardkarte_2026.pdf
Wilma Wunder;kueche;2026-04-13;4262;Velouté;Distra;;false;;WW_PAL_Küche_Sommer-Standardkarte_2026.pdf
Wilma Wunder;kueche;2026-04-13;500002;Tomaten getrocknet;Distra;;false;;WW_PAL_Küche_Sommer-Standardkarte_2026.pdf
Wilma Wunder;kueche;2026-04-13;278;Ziegenkäserolle;Distra;;false;;WW_PAL_Küche_Sommer-Standardkarte_2026.pdf
Wilma Wunder;kueche;2026-04-13;496;Zitronensaft (Ersatzprodukt: Frozen Lemon 490);Distra;;false;;WW_PAL_Küche_Sommer-Standardkarte_2026.pdf
Wilma Wunder;kueche;2026-04-13;10779231;Ahornsirup;Chefs Culinar;;false;;WW_PAL_Küche_Sommer-Standardkarte_2026.pdf
Wilma Wunder;kueche;2026-04-13;60149869;Beerenmischung TK;Chefs Culinar;;false;;WW_PAL_Küche_Sommer-Standardkarte_2026.pdf
Wilma Wunder;kueche;2026-04-13;60119733;Bergkäse in Scheiben;Chefs Culinar;;false;;WW_PAL_Küche_Sommer-Standardkarte_2026.pdf
Wilma Wunder;kueche;2026-04-13;12852093;Bio Vollei Flüssig;Chefs Culinar;;false;;WW_PAL_Küche_Sommer-Standardkarte_2026.pdf
Wilma Wunder;kueche;2026-04-13;60072397;Bircher Müsli;Chefs Culinar;;false;;WW_PAL_Küche_Sommer-Standardkarte_2026.pdf
Wilma Wunder;kueche;2026-04-13;16996472;Brauner Zucker;Chefs Culinar;;false;;WW_PAL_Küche_Sommer-Standardkarte_2026.pdf
Wilma Wunder;kueche;2026-04-13;16024755;Brie 3kg;Chefs Culinar;;false;;WW_PAL_Küche_Sommer-Standardkarte_2026.pdf
Wilma Wunder;kueche;2026-04-13;14418662;Butter-Rosetten;Chefs Culinar;;false;;WW_PAL_Küche_Sommer-Standardkarte_2026.pdf
Wilma Wunder;kueche;2026-04-13;60121335;Burger Patty TK;Chefs Culinar;;false;;WW_PAL_Küche_Sommer-Standardkarte_2026.pdf
Wilma Wunder;kueche;2026-04-13;60066131;Chicken Nuggets;Chefs Culinar;;false;;WW_PAL_Küche_Sommer-Standardkarte_2026.pdf
Wilma Wunder;kueche;2026-04-13;60117348;Chocolate Chunks;Chefs Culinar;;false;;WW_PAL_Küche_Sommer-Standardkarte_2026.pdf
Wilma Wunder;kueche;2026-04-13;12270859;Crema di Aceto;Chefs Culinar;;false;;WW_PAL_Küche_Sommer-Standardkarte_2026.pdf
Wilma Wunder;kueche;2026-04-13;17799812;Dijon-Senf körnig;Chefs Culinar;;false;;WW_PAL_Küche_Sommer-Standardkarte_2026.pdf
Wilma Wunder;kueche;2026-04-13;14145643;Feta-Würfel;Chefs Culinar;;false;;WW_PAL_Küche_Sommer-Standardkarte_2026.pdf
Wilma Wunder;kueche;2026-04-13;18528152;Fischstäbchen;Chefs Culinar;;false;;WW_PAL_Küche_Sommer-Standardkarte_2026.pdf
Wilma Wunder;kueche;2026-04-13;60115453;Ei-Freilandei;Chefs Culinar;;false;;WW_PAL_Küche_Sommer-Standardkarte_2026.pdf
Wilma Wunder;kueche;2026-04-13;12964994;Gemüsebrühe;Chefs Culinar;;false;;WW_PAL_Küche_Sommer-Standardkarte_2026.pdf
Wilma Wunder;kueche;2026-04-13;10995631;Gewürzgurke;Chefs Culinar;;false;;WW_PAL_Küche_Sommer-Standardkarte_2026.pdf
Wilma Wunder;kueche;2026-04-13;14681677;Glutenfreies Brot TK (Optional);Chefs Culinar;;true;;WW_PAL_Küche_Sommer-Standardkarte_2026.pdf
Wilma Wunder;kueche;2026-04-13;20076269;H-Milch 3,5% 10L;Chefs Culinar;;false;;WW_PAL_Küche_Sommer-Standardkarte_2026.pdf
Wilma Wunder;kueche;2026-04-13;18459241;H-Milch 3,5% 1L;Chefs Culinar;;false;;WW_PAL_Küche_Sommer-Standardkarte_2026.pdf
Wilma Wunder;kueche;2026-04-13;15955401;H-Sahne 30% (Sahnespender);Chefs Culinar;;false;;WW_PAL_Küche_Sommer-Standardkarte_2026.pdf
Wilma Wunder;kueche;2026-04-13;12121403;Hafertaler;Chefs Culinar;;false;;WW_PAL_Küche_Sommer-Standardkarte_2026.pdf
Wilma Wunder;kueche;2026-04-13;60000937;HaYo von Naarmann;Chefs Culinar;;false;;WW_PAL_Küche_Sommer-Standardkarte_2026.pdf
Wilma Wunder;kueche;2026-04-13;60088483;Hollandaise;Chefs Culinar;;false;;WW_PAL_Küche_Sommer-Standardkarte_2026.pdf
Wilma Wunder;kueche;2026-04-13;14234873;Honig flüssig;Chefs Culinar;;false;;WW_PAL_Küche_Sommer-Standardkarte_2026.pdf
Wilma Wunder;kueche;2026-04-13;20058579;Honigschinken (1 Scheibe á 25g);Chefs Culinar;;false;;WW_PAL_Küche_Sommer-Standardkarte_2026.pdf
Wilma Wunder;kueche;2026-04-13;17165655;Isi-Sahnekapseln (Sahnespender: Alternative zur Sprühsahne);Chefs Culinar;;false;;WW_PAL_Küche_Sommer-Standardkarte_2026.pdf
Wilma Wunder;kueche;2026-04-13;12034628;Italienische Kräuter Wiberg;Chefs Culinar;;false;;WW_PAL_Küche_Sommer-Standardkarte_2026.pdf
Wilma Wunder;kueche;2026-04-13;60106518;Kapernäpfel;Chefs Culinar;;false;;WW_PAL_Küche_Sommer-Standardkarte_2026.pdf
Wilma Wunder;kueche;2026-04-13;14111136;Kartoffelsalat;Chefs Culinar;;false;;WW_PAL_Küche_Sommer-Standardkarte_2026.pdf
Wilma Wunder;kueche;2026-04-13;60067489;Ketchup;Chefs Culinar;;false;;WW_PAL_Küche_Sommer-Standardkarte_2026.pdf
Wilma Wunder;kueche;2026-04-13;14765995;Kichererbsen;Chefs Culinar;;false;;WW_PAL_Küche_Sommer-Standardkarte_2026.pdf
Wilma Wunder;kueche;2026-04-13;10290019;Mayonnaise Remia;Chefs Culinar;;false;;WW_PAL_Küche_Sommer-Standardkarte_2026.pdf
Wilma Wunder;kueche;2026-04-13;18039283;Muskatnuss gemahlen;Chefs Culinar;;false;;WW_PAL_Küche_Sommer-Standardkarte_2026.pdf
Wilma Wunder;kueche;2026-04-13;15979049;Nutella mini;Chefs Culinar;;false;;WW_PAL_Küche_Sommer-Standardkarte_2026.pdf
Wilma Wunder;kueche;2026-04-13;15792136;Nutella 750g (Glas);Chefs Culinar;;false;;WW_PAL_Küche_Sommer-Standardkarte_2026.pdf
Wilma Wunder;kueche;2026-04-13;18039474;Pfeffer weiß gemahlen;Chefs Culinar;;false;;WW_PAL_Küche_Sommer-Standardkarte_2026.pdf
Wilma Wunder;kueche;2026-04-13;18039375;Pfefferkörner schwarz;Chefs Culinar;;false;;WW_PAL_Küche_Sommer-Standardkarte_2026.pdf
Wilma Wunder;kueche;2026-04-13;16788367;Pinienkerne;Chefs Culinar;;false;;WW_PAL_Küche_Sommer-Standardkarte_2026.pdf
Wilma Wunder;kueche;2026-04-13;14172137;Preiselbeeren;Chefs Culinar;;false;;WW_PAL_Küche_Sommer-Standardkarte_2026.pdf
Wilma Wunder;kueche;2026-04-13;20020194;Puderzucker;Chefs Culinar;;false;;WW_PAL_Küche_Sommer-Standardkarte_2026.pdf
Wilma Wunder;kueche;2026-04-13;15955364;Quark Mager;Chefs Culinar;;false;;WW_PAL_Küche_Sommer-Standardkarte_2026.pdf
Wilma Wunder;kueche;2026-04-13;11426738;Rapsöl;Chefs Culinar;;false;;WW_PAL_Küche_Sommer-Standardkarte_2026.pdf
Wilma Wunder;kueche;2026-04-13;10173619;Rote Beete Würfel;Chefs Culinar;;false;;WW_PAL_Küche_Sommer-Standardkarte_2026.pdf
Wilma Wunder;kueche;2026-04-13;18312386;Salz;Chefs Culinar;;false;;WW_PAL_Küche_Sommer-Standardkarte_2026.pdf
Wilma Wunder;kueche;2026-04-13;14414619;Sardellenfilet;Chefs Culinar;;false;;WW_PAL_Küche_Sommer-Standardkarte_2026.pdf
Wilma Wunder;kueche;2026-04-13;14694141;Schwarzer Sesam;Chefs Culinar;;false;;WW_PAL_Küche_Sommer-Standardkarte_2026.pdf
Wilma Wunder;kueche;2026-04-13;60083726;Süßkartoffelsalat Kühlmann;Chefs Culinar;;false;;WW_PAL_Küche_Sommer-Standardkarte_2026.pdf
Wilma Wunder;kueche;2026-04-13;16777170;Sonnenblumenkerne;Chefs Culinar;;false;;WW_PAL_Küche_Sommer-Standardkarte_2026.pdf
Wilma Wunder;kueche;2026-04-13;14467134;Spätzle;Chefs Culinar;;false;;WW_PAL_Küche_Sommer-Standardkarte_2026.pdf
Wilma Wunder;kueche;2026-04-13;12446742;Spätzlekäse;Chefs Culinar;;false;;WW_PAL_Küche_Sommer-Standardkarte_2026.pdf
Wilma Wunder;kueche;2026-04-13;18182736;Spianata Romana Salami (1 Scheibe á 7g);Chefs Culinar;;false;;WW_PAL_Küche_Sommer-Standardkarte_2026.pdf
Wilma Wunder;kueche;2026-04-13;10001783;Sprühsahne, 700ml (Alternative zum Sahnespender);Chefs Culinar;;false;;WW_PAL_Küche_Sommer-Standardkarte_2026.pdf
Wilma Wunder;kueche;2026-04-13;18652109;Steakhouse Pommes (Aviko);Chefs Culinar;;false;;WW_PAL_Küche_Sommer-Standardkarte_2026.pdf
Wilma Wunder;kueche;2026-04-13;18631364;Tafelessig;Chefs Culinar;;false;;WW_PAL_Küche_Sommer-Standardkarte_2026.pdf
Wilma Wunder;kueche;2026-04-13;10168486;Tomaten gewürfelt (Dose);Chefs Culinar;;false;;WW_PAL_Küche_Sommer-Standardkarte_2026.pdf
Wilma Wunder;kueche;2026-04-13;20151782;Trennfett;Chefs Culinar;;false;;WW_PAL_Küche_Sommer-Standardkarte_2026.pdf
Wilma Wunder;kueche;2026-04-13;14038075;Ulmer Raspelschokolade;Chefs Culinar;;false;;WW_PAL_Küche_Sommer-Standardkarte_2026.pdf
Wilma Wunder;kueche;2026-04-13;60115264;Vegane Pancakes;Chefs Culinar;;false;;WW_PAL_Küche_Sommer-Standardkarte_2026.pdf
Wilma Wunder;kueche;2026-04-13;17676649;Walnusskerne Bruch;Chefs Culinar;;false;;WW_PAL_Küche_Sommer-Standardkarte_2026.pdf
Wilma Wunder;kueche;2026-04-13;20020163;Zucker weiß;Chefs Culinar;;false;;WW_PAL_Küche_Sommer-Standardkarte_2026.pdf
Wilma Wunder;kueche;2026-04-13;;Wilma Fähnchen;Wilmas Zauberladen;;false;;WW_PAL_Küche_Sommer-Standardkarte_2026.pdf
Wilma Wunder;kueche;2026-04-13;;Anrichtering (Tatar);Wilmas Zauberladen;;false;;WW_PAL_Küche_Sommer-Standardkarte_2026.pdf
Wilma Wunder;kueche;2026-04-13;11534665;Apfel;CF Gastro;;false;;WW_PAL_Küche_Sommer-Standardkarte_2026.pdf
Wilma Wunder;kueche;2026-04-13;16310515;Avocado;CF Gastro;;false;;WW_PAL_Küche_Sommer-Standardkarte_2026.pdf
Wilma Wunder;kueche;2026-04-13;23710015;Babyspinat;CF Gastro;;false;;WW_PAL_Küche_Sommer-Standardkarte_2026.pdf
Wilma Wunder;kueche;2026-04-13;11500550;Birne;CF Gastro;;false;;WW_PAL_Küche_Sommer-Standardkarte_2026.pdf
Wilma Wunder;kueche;2026-04-13;15610535;Cocktailtomaten;CF Gastro;;false;;WW_PAL_Küche_Sommer-Standardkarte_2026.pdf
Wilma Wunder;kueche;2026-04-13;13298323;Dill;CF Gastro;;false;;WW_PAL_Küche_Sommer-Standardkarte_2026.pdf
Wilma Wunder;kueche;2026-04-13;13330520;Gurke;CF Gastro;;false;;WW_PAL_Küche_Sommer-Standardkarte_2026.pdf
Wilma Wunder;kueche;2026-04-13;11410510;Heidelbeeren;CF Gastro;;false;;WW_PAL_Küche_Sommer-Standardkarte_2026.pdf
Wilma Wunder;kueche;2026-04-13;13298326;Kerbel;CF Gastro;;false;;WW_PAL_Küche_Sommer-Standardkarte_2026.pdf
Wilma Wunder;kueche;2026-04-13;16250520;Kiwi;CF Gastro;;false;;WW_PAL_Küche_Sommer-Standardkarte_2026.pdf
Wilma Wunder;kueche;2026-04-13;12520515;Limette;CF Gastro;;false;;WW_PAL_Küche_Sommer-Standardkarte_2026.pdf
Wilma Wunder;kueche;2026-04-13;13298142;Minze;CF Gastro;;false;;WW_PAL_Küche_Sommer-Standardkarte_2026.pdf
Wilma Wunder;kueche;2026-04-13;23148010;"Salatmischung ""Monaco""";CF Gastro;;false;;WW_PAL_Küche_Sommer-Standardkarte_2026.pdf
Wilma Wunder;kueche;2026-04-13;14310510;Paprika rot;CF Gastro;;false;;WW_PAL_Küche_Sommer-Standardkarte_2026.pdf
Wilma Wunder;kueche;2026-04-13;13298320;Petersilie;CF Gastro;;false;;WW_PAL_Küche_Sommer-Standardkarte_2026.pdf
Wilma Wunder;kueche;2026-04-13;24505020;Poree/Lauch geschnitten o. 14510510 (ganz);CF Gastro;;false;;WW_PAL_Küche_Sommer-Standardkarte_2026.pdf
Wilma Wunder;kueche;2026-04-13;15145515;Romanasalat;CF Gastro;;false;;WW_PAL_Küche_Sommer-Standardkarte_2026.pdf
Wilma Wunder;kueche;2026-04-13;25112038;Rucola;CF Gastro;;false;;WW_PAL_Küche_Sommer-Standardkarte_2026.pdf
Wilma Wunder;kueche;2026-04-13;15480510;Schlotten (Frühlingszwiebeln);CF Gastro;;false;;WW_PAL_Küche_Sommer-Standardkarte_2026.pdf
Wilma Wunder;kueche;2026-04-13;13298322;Schnittlauch;CF Gastro;;false;;WW_PAL_Küche_Sommer-Standardkarte_2026.pdf
Wilma Wunder;kueche;2026-04-13;13298327;Thymian;CF Gastro;;false;;WW_PAL_Küche_Sommer-Standardkarte_2026.pdf
Wilma Wunder;kueche;2026-04-13;11680510;Trauben dunkel;CF Gastro;;false;;WW_PAL_Küche_Sommer-Standardkarte_2026.pdf
Wilma Wunder;kueche;2026-04-13;12502510;Zitrone;CF Gastro;;false;;WW_PAL_Küche_Sommer-Standardkarte_2026.pdf
Wilma Wunder;kueche;2026-04-13;15900505;Zucchini;CF Gastro;;false;;WW_PAL_Küche_Sommer-Standardkarte_2026.pdf
Wilma Wunder;kueche;2026-04-13;15790513;Zwiebel rot;CF Gastro;;false;;WW_PAL_Küche_Sommer-Standardkarte_2026.pdf
Wilma Wunder;kueche;2026-04-13;15800510;Zwiebel weiß;CF Gastro;;false;;WW_PAL_Küche_Sommer-Standardkarte_2026.pdf
Wilma Wunder;kueche;2026-04-13;10170755;Apfelkompott;Chefs Culinar;Regionale Gerichte;false;DD&Köln;WW_PAL_Küche_Sommer-Standardkarte_2026.pdf
Wilma Wunder;kueche;2026-04-13;;Blutwurst;Chefs Culinar;Regionale Gerichte;false;Köln;WW_PAL_Küche_Sommer-Standardkarte_2026.pdf
Wilma Wunder;kueche;2026-04-13;16387904;Drillinge gekocht;Chefs Culinar;Regionale Gerichte;false;Hannover;WW_PAL_Küche_Sommer-Standardkarte_2026.pdf
Wilma Wunder;kueche;2026-04-13;18374339;Fleischwurst;Chefs Culinar;Regionale Gerichte;false;Mainz Ballplatz;WW_PAL_Küche_Sommer-Standardkarte_2026.pdf
Wilma Wunder;kueche;2026-04-13;17274920;Forellenfilet;Chefs Culinar;Regionale Gerichte;false;Freudenstadt;WW_PAL_Küche_Sommer-Standardkarte_2026.pdf
Wilma Wunder;kueche;2026-04-13;14537301;Hackfleisch;Chefs Culinar;Regionale Gerichte;false;Passau;WW_PAL_Küche_Sommer-Standardkarte_2026.pdf
Wilma Wunder;kueche;2026-04-13;60100518;Harzer Bauernhandkäse;Chefs Culinar;Regionale Gerichte;false;Mainz;WW_PAL_Küche_Sommer-Standardkarte_2026.pdf
Wilma Wunder;kueche;2026-04-13;14560118;Kartoffeln;Chefs Culinar;Regionale Gerichte;false;Viernheim;WW_PAL_Küche_Sommer-Standardkarte_2026.pdf
Wilma Wunder;kueche;2026-04-13;14437212;Knoblauchwürfel TK;Chefs Culinar;Regionale Gerichte;false;Mainz;WW_PAL_Küche_Sommer-Standardkarte_2026.pdf
Wilma Wunder;kueche;2026-04-13;16107236;Kümmel;Chefs Culinar;Regionale Gerichte;false;Mainz Ballplatz;WW_PAL_Küche_Sommer-Standardkarte_2026.pdf
Wilma Wunder;kueche;2026-04-13;18027303;Landjäger;Chefs Culinar;Regionale Gerichte;false;Freudenstadt;WW_PAL_Küche_Sommer-Standardkarte_2026.pdf
Wilma Wunder;kueche;2026-04-13;14286384;Leberwurst;Chefs Culinar;Regionale Gerichte;false;Freudenstadt;WW_PAL_Küche_Sommer-Standardkarte_2026.pdf
Wilma Wunder;kueche;2026-04-13;18039344;Paprika edelsüß;Chefs Culinar;Regionale Gerichte;false;Mainz;WW_PAL_Küche_Sommer-Standardkarte_2026.pdf
Wilma Wunder;kueche;2026-04-13;17530972;Pflanzenfett;Chefs Culinar;Regionale Gerichte;false;Nürnberg;WW_PAL_Küche_Sommer-Standardkarte_2026.pdf
Wilma Wunder;kueche;2026-04-13;11139126;Sahne-Meerrettich;Chefs Culinar;Regionale Gerichte;false;Freudenstadt;WW_PAL_Küche_Sommer-Standardkarte_2026.pdf
Wilma Wunder;kueche;2026-04-13;10173350;Sauerkraut;Chefs Culinar;Regionale Gerichte;false;Speyer;WW_PAL_Küche_Sommer-Standardkarte_2026.pdf
Wilma Wunder;kueche;2026-04-13;13533618;Semmelbrösel;Chefs Culinar;Regionale Gerichte;false;Nürnberg;WW_PAL_Küche_Sommer-Standardkarte_2026.pdf
Wilma Wunder;kueche;2026-04-13;15809803;Senf mittelscharf;Chefs Culinar;Regionale Gerichte;false;Mainz, Speyer, Viernheim;WW_PAL_Küche_Sommer-Standardkarte_2026.pdf
Wilma Wunder;kueche;2026-04-13;20002336;Weizenmehl;Chefs Culinar;Regionale Gerichte;false;DD&Köln;WW_PAL_Küche_Sommer-Standardkarte_2026.pdf
Wilma Wunder;kueche;2026-04-13;306032;Bratensoße;Distra;Regionale Gerichte;false;Speyer, Passau;WW_PAL_Küche_Sommer-Standardkarte_2026.pdf
Wilma Wunder;kueche;2026-04-13;2803032;Papardelle TK;Distra;Regionale Gerichte;false;Nürnberg;WW_PAL_Küche_Sommer-Standardkarte_2026.pdf
Wilma Wunder;kueche;2026-04-13;48612;Kalbsjus;Distra;Regionale Gerichte;false;Stuttgart, Karlsruhe;WW_PAL_Küche_Sommer-Standardkarte_2026.pdf
Wilma Wunder;kueche;2026-04-13;;Tafelspitz in Meerrettichsauce;Distra;Regionale Gerichte;false;Nürnberg;WW_PAL_Küche_Sommer-Standardkarte_2026.pdf
Wilma Wunder;kueche;2026-04-13;4818;Sauerbraten;Distra;Regionale Gerichte;false;Dresden, Köln, Düsseldorf;WW_PAL_Küche_Sommer-Standardkarte_2026.pdf
Aposto;kueche;2026-01-01;20020163;Feiner Zucker Raffinade EG 1Kg;Chefs Culinar;;false;;PAL Aposto 2026.xlsx / Küche
Aposto;kueche;2026-01-01;14036460;Deutsche Markenbutter 250G;Chefs Culinar;;false;;PAL Aposto 2026.xlsx / Küche
Aposto;kueche;2026-01-01;20020194;Puderzucker 250G;Chefs Culinar;;false;;PAL Aposto 2026.xlsx / Küche
Aposto;kueche;2026-01-01;14357886;Kräuterbutter Rosetten;Chefs Culinar;;false;;PAL Aposto 2026.xlsx / Küche
Aposto;kueche;2026-01-01;60115915;Bauernbrot TK;Chefs Culinar;;false;;PAL Aposto 2026.xlsx / Küche
Aposto;kueche;2026-01-01;15404343;Pizza Tomatenpulpe Fein;Chefs Culinar;;false;;PAL Aposto 2026.xlsx / Küche
Aposto;kueche;2026-01-01;18039337;Oregano Gerebelt;Chefs Culinar;;false;;PAL Aposto 2026.xlsx / Küche
Aposto;kueche;2026-01-01;15955548;H-Sahne 20%;Chefs Culinar;;false;;PAL Aposto 2026.xlsx / Küche
Aposto;kueche;2026-01-01;14354403;Kochschinken;Chefs Culinar;;false;;PAL Aposto 2026.xlsx / Küche
Aposto;kueche;2026-01-01;12101153;Cranberrys;Chefs Culinar;;false;;PAL Aposto 2026.xlsx / Küche
Aposto;kueche;2026-01-01;10234921;Imkerhonig;Chefs Culinar;;false;;PAL Aposto 2026.xlsx / Küche
Aposto;kueche;2026-01-01;14467660;Snickers;Chefs Culinar;;false;;PAL Aposto 2026.xlsx / Küche
Aposto;kueche;2026-01-01;12270859;Crema Di Aceto;Chefs Culinar;;false;;PAL Aposto 2026.xlsx / Küche
Aposto;kueche;2026-01-01;18652932;TK Erdbeeren;Chefs Culinar;;false;;PAL Aposto 2026.xlsx / Küche
Aposto;kueche;2026-01-01;13788728;Condimento Bianco;Chefs Culinar;;false;;PAL Aposto 2026.xlsx / Küche
Aposto;kueche;2026-01-01;14607554;Aceto Balsamico;Chefs Culinar;;false;;PAL Aposto 2026.xlsx / Küche
Aposto;kueche;2026-01-01;14690471;Gemüsebouillon;Chefs Culinar;;false;;PAL Aposto 2026.xlsx / Küche
Aposto;kueche;2026-01-01;60119520;Pizza Salami;Chefs Culinar;;false;;PAL Aposto 2026.xlsx / Küche
Aposto;kueche;2026-01-01;18039375;Pfeffer Schwarz;Chefs Culinar;;false;;PAL Aposto 2026.xlsx / Küche
Aposto;kueche;2026-01-01;18039474;Pfeffer Weiß;Chefs Culinar;;false;;PAL Aposto 2026.xlsx / Küche
Aposto;kueche;2026-01-01;12171583;Chilischoten;Chefs Culinar;;false;;PAL Aposto 2026.xlsx / Küche
Aposto;kueche;2026-01-01;60115450;Carpaccio Rind;Chefs Culinar;;false;;PAL Aposto 2026.xlsx / Küche
Aposto;kueche;2026-01-01;14437212;Knoblauchwürfel;Chefs Culinar;;false;;PAL Aposto 2026.xlsx / Küche
Aposto;kueche;2026-01-01;14542145;Coleslawsalat;Chefs Culinar;;false;;PAL Aposto 2026.xlsx / Küche
Aposto;kueche;2026-01-01;16126763;Chili Cheese Dip;Chefs Culinar;;false;;PAL Aposto 2026.xlsx / Küche
Aposto;kueche;2026-01-01;17150514;Pesto Genovese;Chefs Culinar;;false;;PAL Aposto 2026.xlsx / Küche
Aposto;kueche;2026-01-01;60079191;Carpaccio Kalb;Chefs Culinar;;false;;PAL Aposto 2026.xlsx / Küche
Aposto;kueche;2026-01-01;17782937;Roasted Sesam Sauce;Chefs Culinar;;false;;PAL Aposto 2026.xlsx / Küche
Aposto;kueche;2026-01-01;14030598;Tintenfischtuben;Chefs Culinar;;false;;PAL Aposto 2026.xlsx / Küche
Aposto;kueche;2026-01-01;12143542;Gorgonzola Dolce;Chefs Culinar;;false;;PAL Aposto 2026.xlsx / Küche
Aposto;kueche;2026-01-01;60037861;Frutti di Mare;Chefs Culinar;;false;;PAL Aposto 2026.xlsx / Küche
Aposto;kueche;2026-01-01;10887516;Mango Scheiben;Chefs Culinar;;false;;PAL Aposto 2026.xlsx / Küche
Aposto;kueche;2026-01-01;10187241;Kapern;Chefs Culinar;;false;;PAL Aposto 2026.xlsx / Küche
Aposto;kueche;2026-01-01;60146333;Lasagne Kalb;Chefs Culinar;;false;;PAL Aposto 2026.xlsx / Küche
Aposto;kueche;2026-01-01;18129533;Lasagne Ricotta Spinat;Chefs Culinar;;false;;PAL Aposto 2026.xlsx / Küche
Aposto;kueche;2026-01-01;60183982;Pizzateigling Aposto;Chefs Culinar;;false;;PAL Aposto 2026.xlsx / Küche
Aposto;kueche;2026-01-01;18312386;Speisesalz;Chefs Culinar;;false;;PAL Aposto 2026.xlsx / Küche
Aposto;kueche;2026-01-01;10173541;Pizza Sauce;Chefs Culinar;;false;;PAL Aposto 2026.xlsx / Küche
Aposto;kueche;2026-01-01;60068070;Bedda Pizza Käse;Chefs Culinar;;false;;PAL Aposto 2026.xlsx / Küche
Aposto;kueche;2026-01-01;60003825;Mutti Pastasauce;Chefs Culinar;;false;;PAL Aposto 2026.xlsx / Küche
Aposto;kueche;2026-01-01;14388842;Meersalz;Chefs Culinar;;false;;PAL Aposto 2026.xlsx / Küche
Aposto;kueche;2026-01-01;11032510;Ananas Sweet;CF Gastro;;false;;PAL Aposto 2026.xlsx / Küche
Aposto;kueche;2026-01-01;12700510;Auberginen;CF Gastro;;false;;PAL Aposto 2026.xlsx / Küche
Aposto;kueche;2026-01-01;13298340;Basilikum;CF Gastro;;false;;PAL Aposto 2026.xlsx / Küche
Aposto;kueche;2026-01-01;21993010;Blattsalatmix;CF Gastro;;false;;PAL Aposto 2026.xlsx / Küche
Aposto;kueche;2026-01-01;13880515;Kartoffel Drillinge;CF Gastro;;false;;PAL Aposto 2026.xlsx / Küche
Aposto;kueche;2026-01-01;13330520;Gurken;CF Gastro;;false;;PAL Aposto 2026.xlsx / Küche
Aposto;kueche;2026-01-01;12520515;Limetten;CF Gastro;;false;;PAL Aposto 2026.xlsx / Küche
Aposto;kueche;2026-01-01;13298142;Minze;CF Gastro;;false;;PAL Aposto 2026.xlsx / Küche
Aposto;kueche;2026-01-01;24162008;Karottenstifte;CF Gastro;;false;;PAL Aposto 2026.xlsx / Küche
Aposto;kueche;2026-01-01;14350510;Paprika Mix;CF Gastro;;false;;PAL Aposto 2026.xlsx / Küche
Aposto;kueche;2026-01-01;14370510;Peperoni Rot;CF Gastro;;false;;PAL Aposto 2026.xlsx / Küche
Aposto;kueche;2026-01-01;13298320;Petersilie;CF Gastro;;false;;PAL Aposto 2026.xlsx / Küche
Aposto;kueche;2026-01-01;16561515;Portobello Pilze;CF Gastro;;false;;PAL Aposto 2026.xlsx / Küche
Aposto;kueche;2026-01-01;13298328;Rosmarin;CF Gastro;;false;;PAL Aposto 2026.xlsx / Küche
Aposto;kueche;2026-01-01;25112038;Rucola;CF Gastro;;false;;PAL Aposto 2026.xlsx / Küche
Aposto;kueche;2026-01-01;23710015;Spinat Baby;CF Gastro;;false;;PAL Aposto 2026.xlsx / Küche
Aposto;kueche;2026-01-01;15580505;Tomaten;CF Gastro;;false;;PAL Aposto 2026.xlsx / Küche
Aposto;kueche;2026-01-01;12502510;Zitronen;CF Gastro;;false;;PAL Aposto 2026.xlsx / Küche
Aposto;kueche;2026-01-01;15900505;Zucchini;CF Gastro;;false;;PAL Aposto 2026.xlsx / Küche
Aposto;kueche;2026-01-01;15800510;Zwiebeln;CF Gastro;;false;;PAL Aposto 2026.xlsx / Küche
Aposto;kueche;2026-01-01;25794120;Zwiebel Rot geschält;CF Gastro;;false;;PAL Aposto 2026.xlsx / Küche
Aposto;kueche;2026-01-01;46010027;Burrata;CF Gastro;;false;;PAL Aposto 2026.xlsx / Küche
Aposto;kueche;2026-01-01;15145515;Romana Salatherzen;CF Gastro;;false;;PAL Aposto 2026.xlsx / Küche
Aposto;kueche;2026-01-01;12342510;Orangen;CF Gastro;;false;;PAL Aposto 2026.xlsx / Küche
Aposto;kueche;2026-01-01;15620560;Tomaten Cherry Mix;CF Gastro;;false;;PAL Aposto 2026.xlsx / Küche
Aposto;kueche;2026-01-01;300028;Rumpsteak;Distra;;false;;PAL Aposto 2026.xlsx / Küche
Aposto;kueche;2026-01-01;482;Balsamicodressing Hell;Distra;;false;;PAL Aposto 2026.xlsx / Küche
Aposto;kueche;2026-01-01;54017;Guacamole;Distra;;false;;PAL Aposto 2026.xlsx / Küche
Aposto;kueche;2026-01-01;300091;Lachsportion;Distra;;false;;PAL Aposto 2026.xlsx / Küche
Aposto;kueche;2026-01-01;301732;Baguette de Paris;Distra;;false;;PAL Aposto 2026.xlsx / Küche
Aposto;kueche;2026-01-01;2803032;Pappardelle Grande;Distra;;false;;PAL Aposto 2026.xlsx / Küche
Aposto;kueche;2026-01-01;1037;Hähnchenbrustfilet;Distra;;false;;PAL Aposto 2026.xlsx / Küche
Aposto;kueche;2026-01-01;1035;Hähnchenbruststreifen;Distra;;false;;PAL Aposto 2026.xlsx / Küche
Aposto;kueche;2026-01-01;393;Garnele Vannamei;Distra;;false;;PAL Aposto 2026.xlsx / Küche
Aposto;kueche;2026-01-01;300005;Vanilla Cookie;Distra;;false;;PAL Aposto 2026.xlsx / Küche
Aposto;kueche;2026-01-01;4620;Pizzagewürz;Distra;;false;;PAL Aposto 2026.xlsx / Küche
Aposto;kueche;2026-01-01;500110;Hartkäse Flakes;Distra;;false;;PAL Aposto 2026.xlsx / Küche
Aposto;kueche;2026-01-01;500029;Landschinken;Distra;;false;;PAL Aposto 2026.xlsx / Küche
Aposto;kueche;2026-01-01;500113;Mozzarella gerieben;Distra;;false;;PAL Aposto 2026.xlsx / Küche
Aposto;kueche;2026-01-01;777822;Salsiccia Napoli;Distra;;false;;PAL Aposto 2026.xlsx / Küche
Aposto;kueche;2026-01-01;278;Ziegenrolle;Distra;;false;;PAL Aposto 2026.xlsx / Küche
Aposto;kueche;2026-01-01;281;Crispmehl;Distra;;false;;PAL Aposto 2026.xlsx / Küche
Aposto;kueche;2026-01-01;777821;Crema Tartuffo;Distra;;false;;PAL Aposto 2026.xlsx / Küche
Aposto;kueche;2026-01-01;6747;Thunfisch in Öl;Distra;;false;;PAL Aposto 2026.xlsx / Küche
Aposto;kueche;2026-01-01;2210015;Trüffelöl;Distra;;false;;PAL Aposto 2026.xlsx / Küche
Aposto;kueche;2026-01-01;300110;Rinderstreifen;Distra;;false;;PAL Aposto 2026.xlsx / Küche
Aposto;kueche;2026-01-01;500087;Vitello Sauce;Distra;;false;;PAL Aposto 2026.xlsx / Küche
Aposto;kueche;2026-01-01;300135;Thunfischtatar;Distra;;false;;PAL Aposto 2026.xlsx / Küche
Aposto;kueche;2026-01-01;500080;Caesar Dressing;Distra;;false;;PAL Aposto 2026.xlsx / Küche
Aposto;kueche;2026-01-01;300120;Chicken Tinga;Distra;;false;;PAL Aposto 2026.xlsx / Küche
Aposto;kueche;2026-01-01;300121;Pulled Beef Barbacoa;Distra;;false;;PAL Aposto 2026.xlsx / Küche
Aposto;kueche;2026-01-01;306029;BBQ Dip;Distra;;false;;PAL Aposto 2026.xlsx / Küche
Aposto;kueche;2026-01-01;300117;Veganes Beef;Distra;;false;;PAL Aposto 2026.xlsx / Küche
Aposto;kueche;2026-01-01;300134;Carbonara Sauce;Distra;;false;;PAL Aposto 2026.xlsx / Küche
Aposto;kueche;2026-01-01;300131;Agnolotti Feige Pecorino;Distra;;false;;PAL Aposto 2026.xlsx / Küche
Aposto;kueche;2026-01-01;300130;Spaghettinester;Distra;;false;;PAL Aposto 2026.xlsx / Küche
Aposto;kueche;2026-01-01;300094;Rigatoni;Distra;;false;;PAL Aposto 2026.xlsx / Küche
Aposto;kueche;2026-01-01;4551;Bolognese Sauce;Distra;;false;;PAL Aposto 2026.xlsx / Küche
Aposto;kueche;2026-01-01;500085;Shirataki Udon;Distra;;false;;PAL Aposto 2026.xlsx / Küche
Aposto;kueche;2026-01-01;300145;Pizzateig Protein;Distra;;false;;PAL Aposto 2026.xlsx / Küche
Aposto;kueche;2026-01-01;500097;Olivenöl 5L;Distra;;false;;PAL Aposto 2026.xlsx / Küche
Aposto;kueche;2026-01-01;306034;Aioli;Distra;;false;;PAL Aposto 2026.xlsx / Küche
Aposto;kueche;2026-01-01;492001;Himbeeren TK;Distra;;false;;PAL Aposto 2026.xlsx / Küche
Aposto;kueche;2026-01-01;263;Mozzarella gerieben;Distra;;false;;PAL Aposto 2026.xlsx / Küche
Aposto;bar;2026-01-01;10170335;Drey Honig Portionspackung;Chefs Culinar;;false;;PAL Aposto 2026.xlsx / Bar
Aposto;bar;2026-01-01;14866661;Kaffeesahne;Chefs Culinar;;false;;PAL Aposto 2026.xlsx / Bar
Aposto;bar;2026-01-01;20183820;Zuckersticks;Chefs Culinar;;false;;PAL Aposto 2026.xlsx / Bar
Aposto;bar;2026-01-01;10001783;Debic Sprühsahne;Chefs Culinar;;false;;PAL Aposto 2026.xlsx / Bar
Aposto;bar;2026-01-01;15640277;Rohrzucker Weiß;Chefs Culinar;;false;;PAL Aposto 2026.xlsx / Bar
Aposto;bar;2026-01-01;18217568;Haferdrink;Chefs Culinar;;false;;PAL Aposto 2026.xlsx / Bar
Aposto;bar;2026-01-01;18459173;H-Milch 1,5%;Chefs Culinar;Eiskarte;false;;PAL Aposto 2026.xlsx / Bar / PAL Aposto 2026.xlsx / Eiskarte
Aposto;bar;2026-01-01;12604777;Amarettini;Chefs Culinar;;false;;PAL Aposto 2026.xlsx / Bar
Aposto;bar;2026-01-01;18459241;H-Milch 3,5%;Chefs Culinar;;false;;PAL Aposto 2026.xlsx / Bar
Aposto;bar;2026-01-01;18651676;TK Melonenbällchen;Chefs Culinar;;false;;PAL Aposto 2026.xlsx / Bar
Aposto;bar;2026-01-01;60149869;TK Beerenmix;Chefs Culinar;;false;;PAL Aposto 2026.xlsx / Bar
Aposto;bar;2026-01-01;60169268;H-Kakao Gourmet;Chefs Culinar;Eiskarte;false;;PAL Aposto 2026.xlsx / Bar / PAL Aposto 2026.xlsx / Eiskarte
Aposto;bar;2026-01-01;9501;Aperol;Distra;;false;;PAL Aposto 2026.xlsx / Bar
Aposto;bar;2026-01-01;756;Averna;Distra;;false;;PAL Aposto 2026.xlsx / Bar
Aposto;bar;2026-01-01;964;Baileys;Distra;;false;;PAL Aposto 2026.xlsx / Bar
Aposto;bar;2026-01-01;604;Frangelico;Distra;;false;;PAL Aposto 2026.xlsx / Bar
Aposto;bar;2026-01-01;934;Kahlua;Distra;;false;;PAL Aposto 2026.xlsx / Bar
Aposto;bar;2026-01-01;5271;Lillet Blanc;Distra;;false;;PAL Aposto 2026.xlsx / Bar
Aposto;bar;2026-01-01;4146;Grappa Nonino;Distra;;false;;PAL Aposto 2026.xlsx / Bar
Aposto;bar;2026-01-01;750;Ramazzotti;Distra;;false;;PAL Aposto 2026.xlsx / Bar
Aposto;bar;2026-01-01;9712;Smirnoff Red;Distra;;false;;PAL Aposto 2026.xlsx / Bar
Aposto;bar;2026-01-01;200012;Sarti Rosa;Distra;;false;;PAL Aposto 2026.xlsx / Bar
Aposto;bar;2026-01-01;7884;Martini Floreale;Distra;;false;;PAL Aposto 2026.xlsx / Bar
Aposto;bar;2026-01-01;90141;Apricot Brandy;Distra;;false;;PAL Aposto 2026.xlsx / Bar
Aposto;bar;2026-01-01;90171;Cachaca;Distra;;false;;PAL Aposto 2026.xlsx / Bar
Aposto;bar;2026-01-01;90161;Basic Dry Gin;Distra;;false;;PAL Aposto 2026.xlsx / Bar
Aposto;bar;2026-01-01;90121;Triple Sec;Distra;;false;;PAL Aposto 2026.xlsx / Bar
Aposto;bar;2026-01-01;9982;Overproof Rum;Distra;;false;;PAL Aposto 2026.xlsx / Bar
Aposto;bar;2026-01-01;90152;Basic Vodka;Distra;;false;;PAL Aposto 2026.xlsx / Bar
Aposto;bar;2026-01-01;200030;Long Island Mix;Distra;;false;;PAL Aposto 2026.xlsx / Bar
Aposto;bar;2026-01-01;9771;Gordons Pink;Distra;;false;;PAL Aposto 2026.xlsx / Bar
Aposto;bar;2026-01-01;515;Hendricks Gin;Distra;;false;;PAL Aposto 2026.xlsx / Bar
Aposto;bar;2026-01-01;540;Malfy Limone;Distra;;false;;PAL Aposto 2026.xlsx / Bar
Aposto;bar;2026-01-01;526;Tanqueray Gin;Distra;;false;;PAL Aposto 2026.xlsx / Bar
Aposto;bar;2026-01-01;200147;Grenadine Sirup;Distra;;false;;PAL Aposto 2026.xlsx / Bar
Aposto;bar;2026-01-01;9085;Holunderblütensirup;Distra;;false;;PAL Aposto 2026.xlsx / Bar
Aposto;bar;2026-01-01;200137;Rohrzucker Sirup;Distra;;false;;PAL Aposto 2026.xlsx / Bar
Aposto;bar;2026-01-01;200149;Kokossirup;Distra;;false;;PAL Aposto 2026.xlsx / Bar
Aposto;bar;2026-01-01;108817;Minzlimo Sirup;Distra;;false;;PAL Aposto 2026.xlsx / Bar
Aposto;bar;2026-01-01;108816;Himbeerlimo Sirup;Distra;;false;;PAL Aposto 2026.xlsx / Bar
Aposto;bar;2026-01-01;108819;Blaubeer Honig Sirup;Distra;;false;;PAL Aposto 2026.xlsx / Bar
Aposto;bar;2026-01-01;757;Campari;Distra;;false;;PAL Aposto 2026.xlsx / Bar
Aposto;bar;2026-01-01;7471;Jim Beam;Distra;;false;;PAL Aposto 2026.xlsx / Bar
Aposto;bar;2026-01-01;751;Likör 43;Distra;;false;;PAL Aposto 2026.xlsx / Bar
Aposto;bar;2026-01-01;747;Jack Daniels;Distra;;false;;PAL Aposto 2026.xlsx / Bar
Aposto;bar;2026-01-01;77831;Limoncello;Distra;;false;;PAL Aposto 2026.xlsx / Bar
Aposto;bar;2026-01-01;9891;Cointreau;Distra;;false;;PAL Aposto 2026.xlsx / Bar
Aposto;bar;2026-01-01;3805081;Zitronensaft Frisch;Distra;;false;;PAL Aposto 2026.xlsx / Bar
Aposto;bar;2026-01-01;955;Bacardi Rum;Distra;;false;;PAL Aposto 2026.xlsx / Bar
Aposto;bar;2026-01-01;;Acqua Panna Mw 16X0,75L;GFGH;;false;;PAL Aposto 2026.xlsx / Bar
Aposto;bar;2026-01-01;;Acqua Panna Mw 24X0,25L;GFGH;;false;;PAL Aposto 2026.xlsx / Bar
Aposto;bar;2026-01-01;;Allg. Büble Afrei Bv;GFGH;;false;;PAL Aposto 2026.xlsx / Bar
Aposto;bar;2026-01-01;;Allg. Büble Edelweiss;GFGH;;false;;PAL Aposto 2026.xlsx / Bar
Aposto;bar;2026-01-01;;Bierra Moretti;GFGH;;false;;PAL Aposto 2026.xlsx / Bar
Aposto;bar;2026-01-01;;Bitburger Alkoholfrei Ln 24X0,33L;GFGH;;false;;PAL Aposto 2026.xlsx / Bar
Aposto;bar;2026-01-01;;Bitburger Premium Pils 30L;GFGH;;false;;PAL Aposto 2026.xlsx / Bar
Aposto;bar;2026-01-01;;Büble Edelweißbier 30L;GFGH;;false;;PAL Aposto 2026.xlsx / Bar
Aposto;bar;2026-01-01;;Fever-Tree Mediterreaneum Tonic;GFGH;;false;;PAL Aposto 2026.xlsx / Bar
Aposto;bar;2026-01-01;;Granini Ananas Mw 6X1,0L;GFGH;;false;;PAL Aposto 2026.xlsx / Bar
Aposto;bar;2026-01-01;;Granini Apfel Trüb Mw 6X1,0L;GFGH;;false;;PAL Aposto 2026.xlsx / Bar
Aposto;bar;2026-01-01;;Granini Banane Mw 6X1,0L;GFGH;;false;;PAL Aposto 2026.xlsx / Bar
Aposto;bar;2026-01-01;;Granini Cranberry Mw 6X1,0L;GFGH;;false;;PAL Aposto 2026.xlsx / Bar
Aposto;bar;2026-01-01;;Granini Guave Drachenfrucht;GFGH;;false;;PAL Aposto 2026.xlsx / Bar
Aposto;bar;2026-01-01;;Granini Johannisbeer Mw 6X1,0L;GFGH;;false;;PAL Aposto 2026.xlsx / Bar
Aposto;bar;2026-01-01;;Granini Kirsch Mw 6X1,0L;GFGH;;false;;PAL Aposto 2026.xlsx / Bar
Aposto;bar;2026-01-01;;Granini Lime Juice Cord.;GFGH;;false;;PAL Aposto 2026.xlsx / Bar
Aposto;bar;2026-01-01;;Granini Maracuja Mw 6X1,0L;GFGH;;false;;PAL Aposto 2026.xlsx / Bar
Aposto;bar;2026-01-01;;Granini Orangen Saft Mw 6X1,0L;GFGH;;false;;PAL Aposto 2026.xlsx / Bar
Aposto;bar;2026-01-01;;Granini Pfirsich Mw 6X1,0L;GFGH;;false;;PAL Aposto 2026.xlsx / Bar
Aposto;bar;2026-01-01;;Granini Zitronensaft;GFGH;;false;;PAL Aposto 2026.xlsx / Bar
Aposto;bar;2026-01-01;;Köstritzer Edel Pils 50L;GFGH;;false;;PAL Aposto 2026.xlsx / Bar
Aposto;bar;2026-01-01;;Köstritzer Kellerbier 30L;GFGH;;false;;PAL Aposto 2026.xlsx / Bar
Aposto;bar;2026-01-01;;Köstritzer Schwarzbier 30L;GFGH;;false;;PAL Aposto 2026.xlsx / Bar
Aposto;bar;2026-01-01;;Mirinda Orange Postm.bib;GFGH;;false;;PAL Aposto 2026.xlsx / Bar
Aposto;bar;2026-01-01;;Pepsi Cola Bib 10L;GFGH;;false;;PAL Aposto 2026.xlsx / Bar
Aposto;bar;2026-01-01;;Pepsi Zero Zucker Mw 24X0,20L;GFGH;;false;;PAL Aposto 2026.xlsx / Bar
Aposto;bar;2026-01-01;;Red Bull Energy Ds-P 24X0,25L;GFGH;;false;;PAL Aposto 2026.xlsx / Bar
Aposto;bar;2026-01-01;;San Pellegrino Mw 16X0,75L;GFGH;;false;;PAL Aposto 2026.xlsx / Bar
Aposto;bar;2026-01-01;;San Pellegrino Mw 24X0,25L;GFGH;;false;;PAL Aposto 2026.xlsx / Bar
Aposto;bar;2026-01-01;;Schweppes Bitter Lemon Mw 24X0,20L;GFGH;;false;;PAL Aposto 2026.xlsx / Bar
Aposto;bar;2026-01-01;;Schweppes Bitter Lemon Pet 6X1,0L;GFGH;;false;;PAL Aposto 2026.xlsx / Bar
Aposto;bar;2026-01-01;;Schweppes Dry Tonic Water 24X0,20L;GFGH;;false;;PAL Aposto 2026.xlsx / Bar
Aposto;bar;2026-01-01;;Schweppes Ginger Ale Mw 24X0,20L;GFGH;;false;;PAL Aposto 2026.xlsx / Bar
Aposto;bar;2026-01-01;;Schweppes Ginger Ale Pet 6X1,0L;GFGH;;false;;PAL Aposto 2026.xlsx / Bar
Aposto;bar;2026-01-01;;Schweppes Ginger Beer Mw 24X0,20L;GFGH;;false;;PAL Aposto 2026.xlsx / Bar
Aposto;bar;2026-01-01;;Schweppes Pomegranate 6X1,0L;GFGH;;false;;PAL Aposto 2026.xlsx / Bar
Aposto;bar;2026-01-01;;Schweppes Tonic Water Mw 24X0,20L;GFGH;;false;;PAL Aposto 2026.xlsx / Bar
Aposto;bar;2026-01-01;;Schweppes Tonic Water Pet 6X1,0L;GFGH;;false;;PAL Aposto 2026.xlsx / Bar
Aposto;bar;2026-01-01;;Schweppes White Peach 6X1,0L;GFGH;;false;;PAL Aposto 2026.xlsx / Bar
Aposto;bar;2026-01-01;;Schweppes Wild Berry Pet 6X1,0L;GFGH;;false;;PAL Aposto 2026.xlsx / Bar
Aposto;bar;2026-01-01;;Seven Up Bib 10L;GFGH;;false;;PAL Aposto 2026.xlsx / Bar
Aposto;bar;2026-01-01;14038075;Ulmer Raspelschokolade;Chefs Culinar;Eiskarte;false;;PAL Aposto 2026.xlsx / Eiskarte
Aposto;bar;2026-01-01;15955401;H-Schlagsahne;Chefs Culinar;Eiskarte;false;;PAL Aposto 2026.xlsx / Eiskarte
Aposto;bar;2026-01-01;11137825;Oreo Cookies;Chefs Culinar;Eiskarte;false;;PAL Aposto 2026.xlsx / Eiskarte
Aposto;bar;2026-01-01;60036474;Raspelschokolade Weiss;Chefs Culinar;Eiskarte;false;;PAL Aposto 2026.xlsx / Eiskarte
Aposto;bar;2026-01-01;14083310;Zuckerperlen Bunt;Chefs Culinar;Eiskarte;false;;PAL Aposto 2026.xlsx / Eiskarte
Aposto;bar;2026-01-01;60053764;Schokosauce Vegan;Chefs Culinar;Eiskarte;false;;PAL Aposto 2026.xlsx / Eiskarte
Aposto;bar;2026-01-01;500042;Kokoschips Kakao;Distra;Eiskarte;false;;PAL Aposto 2026.xlsx / Eiskarte
Aposto;bar;2026-01-01;500041;Popcornmischung Cinemix;Distra;Eiskarte;false;;PAL Aposto 2026.xlsx / Eiskarte
Aposto;bar;2026-01-01;300167;Schokoladen Milcheis;Distra;Eiskarte;false;;PAL Aposto 2026.xlsx / Eiskarte
Aposto;bar;2026-01-01;300166;Mangosorbet Eis;Distra;Eiskarte;false;;PAL Aposto 2026.xlsx / Eiskarte
Aposto;bar;2026-01-01;300165;Erdbeersorbet Eis;Distra;Eiskarte;false;;PAL Aposto 2026.xlsx / Eiskarte
Aposto;bar;2026-01-01;300168;Vanille Milcheis;Distra;Eiskarte;false;;PAL Aposto 2026.xlsx / Eiskarte
Enchilada;kueche;2026-01-01;10165003;Gemuesemais Jung Zart 2650Ml;Chefs Culinar;;false;;2026 PAL Enchilada.xlsx / Küche Chefs Culinar
Enchilada;kueche;2026-01-01;10169674;Ananas Stücke 3100ml;Chefs Culinar;;false;;2026 PAL Enchilada.xlsx / Küche Chefs Culinar
Enchilada;kueche;2026-01-01;11426738;Rapsöl 10L;Chefs Culinar;;false;;2026 PAL Enchilada.xlsx / Küche Chefs Culinar
Enchilada;kueche;2026-01-01;12131648;Kuchm.Milchbroetchen 10St/400G;Chefs Culinar;;false;;2026 PAL Enchilada.xlsx / Küche Chefs Culinar
Enchilada;kueche;2026-01-01;13327910;Frischli Bourbon-Vanille-Sauce 1L;Chefs Culinar;;false;;2026 PAL Enchilada.xlsx / Küche Chefs Culinar
Enchilada;kueche;2026-01-01;18858570;Grana Padano Pdo Gehobelt 32% 500G;Chefs Culinar;;false;;2026 PAL Enchilada.xlsx / Küche Chefs Culinar
Enchilada;kueche;2026-01-01;14357886;Tk Megg.kraeuterbutt.-Roset.100X10G;Chefs Culinar;;false;;2026 PAL Enchilada.xlsx / Küche Chefs Culinar
Enchilada;kueche;2026-01-01;15465313;Jalapeno Chili Scheiben Grue.2,89Kg;Chefs Culinar;;false;;2026 PAL Enchilada.xlsx / Küche Chefs Culinar
Enchilada;kueche;2026-01-01;60149171;Cheddar Scheiben 50% 50 x 20 g (PK 1 KG);Chefs Culinar;;false;;2026 PAL Enchilada.xlsx / Küche Chefs Culinar
Enchilada;kueche;2026-01-01;16107960;Wib.Zimt Gemahlen 1Kg;Chefs Culinar;;false;;2026 PAL Enchilada.xlsx / Küche Chefs Culinar
Enchilada;kueche;2026-01-01;16126763;Starline Chili Cheese Dip 850g;Chefs Culinar;;false;;2026 PAL Enchilada.xlsx / Küche Chefs Culinar
Enchilada;kueche;2026-01-01;16283695;Tk Aviko Super Crunch 7Mm 2,5Kg;Chefs Culinar;;false;;2026 PAL Enchilada.xlsx / Küche Chefs Culinar
Enchilada;kueche;2026-01-01;18039405;Bc Pfeffer Schwarz Gemahlen 1Kg;Chefs Culinar;;false;;2026 PAL Enchilada.xlsx / Küche Chefs Culinar
Enchilada;kueche;2026-01-01;18312294;Gustosal Speisesalz Unjodiert 10Kg;Chefs Culinar;;false;;2026 PAL Enchilada.xlsx / Küche Chefs Culinar
Enchilada;kueche;2026-01-01;60149869;TK-Beerenmix ohne Erdbeeren 2,5 kg / BT;Chefs Culinar;;false;;2026 PAL Enchilada.xlsx / Küche Chefs Culinar
Enchilada;kueche;2026-01-01;18651645;Tk Maiskolben 48X230G;Chefs Culinar;;false;;2026 PAL Enchilada.xlsx / Küche Chefs Culinar
Enchilada;kueche;2026-01-01;18374674;Kokosnussmilch 1L;Chefs Culinar;;false;;2026 PAL Enchilada.xlsx / Küche Chefs Culinar
Enchilada;kueche;2026-01-01;20020163;Feiner Zucker Raffinade Eg I 1Kg;Chefs Culinar;;false;;2026 PAL Enchilada.xlsx / Küche Chefs Culinar
Enchilada;kueche;2026-01-01;20020194;Puderzucker 250G;Chefs Culinar;;false;;2026 PAL Enchilada.xlsx / Küche Chefs Culinar
Enchilada;kueche;2026-01-01;60067489;Sc Tomatenketchup 875Ml;Chefs Culinar;;false;;2026 PAL Enchilada.xlsx / Küche Chefs Culinar
Enchilada;kueche;2026-01-01;60067494;Sc Salatmayonnaise 50% 875Ml;Chefs Culinar;;false;;2026 PAL Enchilada.xlsx / Küche Chefs Culinar
Enchilada;kueche;2026-01-01;60072376;Starline Jalapeno Bbq Dip 850g;Chefs Culinar;;false;;2026 PAL Enchilada.xlsx / Küche Chefs Culinar
Enchilada;kueche;2026-01-01;60073794;Thai.langk.jasmin Duftreis 20Kg;Chefs Culinar;;false;;2026 PAL Enchilada.xlsx / Küche Chefs Culinar
Enchilada;kueche;2026-01-01;60096179;Bc Saure Sahne 10% 5Kg;Chefs Culinar;;false;;2026 PAL Enchilada.xlsx / Küche Chefs Culinar
Enchilada;kueche;2026-01-01;60115919;Tk Gimme Sosse mit Kakao 3X1L;Chefs Culinar;;false;;2026 PAL Enchilada.xlsx / Küche Chefs Culinar
Enchilada;kueche;2026-01-01;60125115;"Tk Sueßkart. Pommes 9x9mm ""Cf"" 2,5Kg";Chefs Culinar;;false;;2026 PAL Enchilada.xlsx / Küche Chefs Culinar
Enchilada;kueche;2026-01-01;80030011;Alpro Soja-Joghurt Alt.natur 400G;Chefs Culinar;;false;;2026 PAL Enchilada.xlsx / Küche Chefs Culinar
Enchilada;kueche;2026-01-01;393;Garnelen Geschält Vannamei 26/30 roh TK;Distra;Fleischwaren / Veg. Produkte;false;;2026 PAL Enchilada.xlsx / Küche Distra
Enchilada;kueche;2026-01-01;1035;Hähnchenbruststreifen Gewürzt Tk Karton;Distra;Fleischwaren / Veg. Produkte;false;;2026 PAL Enchilada.xlsx / Küche Distra
Enchilada;kueche;2026-01-01;1038;Chicken Wings Bbq Tk Karton;Distra;Fleischwaren / Veg. Produkte;false;;2026 PAL Enchilada.xlsx / Küche Distra
Enchilada;kueche;2026-01-01;1040;Bacon In Scheiben Schale;Distra;Fleischwaren / Veg. Produkte;false;;2026 PAL Enchilada.xlsx / Küche Distra
Enchilada;kueche;2026-01-01;40271;Hamburger 150g Tk Karton;Distra;Fleischwaren / Veg. Produkte;false;;2026 PAL Enchilada.xlsx / Küche Distra
Enchilada;kueche;2026-01-01;48630;Chimichurri Pulled Planted Tk;Distra;Fleischwaren / Veg. Produkte;false;;2026 PAL Enchilada.xlsx / Küche Distra
Enchilada;kueche;2026-01-01;300028;Rumpsteak Ohne Fett 200Gr. Tk Karton;Distra;Fleischwaren / Veg. Produkte;false;;2026 PAL Enchilada.xlsx / Küche Distra
Enchilada;kueche;2026-01-01;300060;Redefine Beef Flank 10x0,3kg TK;Distra;Fleischwaren / Veg. Produkte;false;;2026 PAL Enchilada.xlsx / Küche Distra
Enchilada;kueche;2026-01-01;300078;Redefine Burger 100g TK;Distra;Fleischwaren / Veg. Produkte;false;;2026 PAL Enchilada.xlsx / Küche Distra
Enchilada;kueche;2026-01-01;300080;Cauli Wings Tk Karton 1kg;Distra;Fleischwaren / Veg. Produkte;false;;2026 PAL Enchilada.xlsx / Küche Distra
Enchilada;kueche;2026-01-01;300081;Homestyle Chik´n Burger 120G Karton;Distra;Fleischwaren / Veg. Produkte;false;;2026 PAL Enchilada.xlsx / Küche Distra
Enchilada;kueche;2026-01-01;300120;Chicken Tinga Tk 12x0,5Kg;Distra;Fleischwaren / Veg. Produkte;false;;2026 PAL Enchilada.xlsx / Küche Distra
Enchilada;kueche;2026-01-01;300121;Pulled Beef Barbacoa Tk 12x0,5Kg;Distra;Fleischwaren / Veg. Produkte;false;;2026 PAL Enchilada.xlsx / Küche Distra
Enchilada;kueche;2026-01-01;482;Balsamicodressing hell Tk;Distra;Saucen / Dips / Dressing;false;;2026 PAL Enchilada.xlsx / Küche Distra
Enchilada;kueche;2026-01-01;486;Enchilada Burgersauce Vegan;Distra;Saucen / Dips / Dressing;false;;2026 PAL Enchilada.xlsx / Küche Distra
Enchilada;kueche;2026-01-01;488;Salsa Mexicana Verde Dose;Distra;Saucen / Dips / Dressing;false;;2026 PAL Enchilada.xlsx / Küche Distra
Enchilada;kueche;2026-01-01;4262;Veloute;Distra;Saucen / Dips / Dressing;false;;2026 PAL Enchilada.xlsx / Küche Distra
Enchilada;kueche;2026-01-01;48613;Chipotle Salsa Cremosa Tk;Distra;Saucen / Dips / Dressing;false;;2026 PAL Enchilada.xlsx / Küche Distra
Enchilada;kueche;2026-01-01;48614;Salsa Tk Karton;Distra;Saucen / Dips / Dressing;false;;2026 PAL Enchilada.xlsx / Küche Distra
Enchilada;kueche;2026-01-01;54017;Guacamole 6X1Kg Tk;Distra;Saucen / Dips / Dressing;false;;2026 PAL Enchilada.xlsx / Küche Distra
Enchilada;kueche;2026-01-01;306032;Braten-Sauce bayrische Art 10Kg Eimer;Distra;Saucen / Dips / Dressing;false;;2026 PAL Enchilada.xlsx / Küche Distra
Enchilada;kueche;2026-01-01;500049;La Costena Chipotle Sauce;Distra;Saucen / Dips / Dressing;false;;2026 PAL Enchilada.xlsx / Küche Distra
Enchilada;kueche;2026-01-01;500051;La Costena Chipotle Sauce;Distra;Saucen / Dips / Dressing;false;;2026 PAL Enchilada.xlsx / Küche Distra
Enchilada;kueche;2026-01-01;2302091;Caesar Dressing Schale 1Kg;Distra;Saucen / Dips / Dressing;false;;2026 PAL Enchilada.xlsx / Küche Distra
Enchilada;kueche;2026-01-01;6800;Schwarze Bohnen;Distra;Salat / Topping / Reis / Dosen;false;;2026 PAL Enchilada.xlsx / Küche Distra
Enchilada;kueche;2026-01-01;500019;Rotkrautsalat Enchilada;Distra;Salat / Topping / Reis / Dosen;false;;2026 PAL Enchilada.xlsx / Küche Distra
Enchilada;kueche;2026-01-01;500081;Pickled Onions Geld 3kg Eimer;Distra;Salat / Topping / Reis / Dosen;false;;2026 PAL Enchilada.xlsx / Küche Distra
Enchilada;kueche;2026-01-01;2510026;Quinoa Bunt 2Kg Beutel;Distra;Salat / Topping / Reis / Dosen;false;;2026 PAL Enchilada.xlsx / Küche Distra
Enchilada;kueche;2026-01-01;268;Cheddar / Gouda Mix;Distra;Milchprodukte;false;;2026 PAL Enchilada.xlsx / Küche Distra
Enchilada;kueche;2026-01-01;2641;Frischkäse Eimer 2,5Kg;Distra;Milchprodukte;false;;2026 PAL Enchilada.xlsx / Küche Distra
Enchilada;kueche;2026-01-01;300033;Knoblauchbutter 6kg TK;Distra;Milchprodukte;false;;2026 PAL Enchilada.xlsx / Küche Distra
Enchilada;kueche;2026-01-01;4046;Burger Buns Mais vegan 85G Tk;Distra;Teigwaren;false;;2026 PAL Enchilada.xlsx / Küche Distra
Enchilada;kueche;2026-01-01;37219;Rote Beete Tortillas 30cm Tk;Distra;Teigwaren;false;;2026 PAL Enchilada.xlsx / Küche Distra
Enchilada;kueche;2026-01-01;110141;Komali Maistortillas Gelb 15cm;Distra;Teigwaren;false;;2026 PAL Enchilada.xlsx / Küche Distra
Enchilada;kueche;2026-01-01;200304;Churros Vorfrittiert Tk;Distra;Teigwaren;false;;2026 PAL Enchilada.xlsx / Küche Distra
Enchilada;kueche;2026-01-01;300042;Maistortilla 15cm rot Tk;Distra;Teigwaren;false;;2026 PAL Enchilada.xlsx / Küche Distra
Enchilada;kueche;2026-01-01;300043;Maistortilla 15cm grün Tk;Distra;Teigwaren;false;;2026 PAL Enchilada.xlsx / Küche Distra
Enchilada;kueche;2026-01-01;300058;Maistortilla 15cm gelb Tk;Distra;Teigwaren;false;;2026 PAL Enchilada.xlsx / Küche Distra
Enchilada;kueche;2026-01-01;300128;Vegan Chocolate Lava Cake TK;Distra;Teigwaren;false;;2026 PAL Enchilada.xlsx / Küche Distra
Enchilada;kueche;2026-01-01;301735;Balkan Fladenbrot 100g TK;Distra;Teigwaren;false;;2026 PAL Enchilada.xlsx / Küche Distra
Enchilada;kueche;2026-01-01;500075;Weitzentortillas 20 cm;Distra;Teigwaren;false;;2026 PAL Enchilada.xlsx / Küche Distra
Enchilada;kueche;2026-01-01;500076;Weizentortilla 16cm;Distra;Teigwaren;false;;2026 PAL Enchilada.xlsx / Küche Distra
Enchilada;kueche;2026-01-01;500077;Weizentortillas 30cm;Distra;Teigwaren;false;;2026 PAL Enchilada.xlsx / Küche Distra
Enchilada;kueche;2026-01-01;661;Enchilada Würzmischung Beutel;Distra;Gewürze und sonstiges;false;;2026 PAL Enchilada.xlsx / Küche Distra
Enchilada;kueche;2026-01-01;662;Fajita Gewürzzubereitung Beutel;Distra;Gewürze und sonstiges;false;;2026 PAL Enchilada.xlsx / Küche Distra
Enchilada;kueche;2026-01-01;664;Pepper Crust Beutel 1Kg;Distra;Gewürze und sonstiges;false;;2026 PAL Enchilada.xlsx / Küche Distra
Enchilada;kueche;2026-01-01;1300;Tortilla-Wärmer Sombrero;Distra;Gewürze und sonstiges;false;;2026 PAL Enchilada.xlsx / Küche Distra
Enchilada;kueche;2026-01-01;1558;Anhängeetiketten Molcajete Guacamole Pack 100 Stk;Distra;Gewürze und sonstiges;false;;2026 PAL Enchilada.xlsx / Küche Distra
Enchilada;kueche;2026-01-01;1589;Lagerungsetikett Wasserlöslich Rolle 500Stk.;Distra;Gewürze und sonstiges;false;;2026 PAL Enchilada.xlsx / Küche Distra
Enchilada;kueche;2026-01-01;13923;Serviette naturbraun klein 20x20;Distra;Gewürze und sonstiges;false;;2026 PAL Enchilada.xlsx / Küche Distra
Enchilada;kueche;2026-01-01;15161;Take Away Karton Boxen 600Ml;Distra;Gewürze und sonstiges;false;;2026 PAL Enchilada.xlsx / Küche Distra
Enchilada;kueche;2026-01-01;15162;Take Away Karton Boxen 1200Ml;Distra;Gewürze und sonstiges;false;;2026 PAL Enchilada.xlsx / Küche Distra
Enchilada;kueche;2026-01-01;15163;Take Away Karton Boxen 1500Ml;Distra;Gewürze und sonstiges;false;;2026 PAL Enchilada.xlsx / Küche Distra
Enchilada;kueche;2026-01-01;15197;Papiertragetaschen;Distra;Gewürze und sonstiges;false;;2026 PAL Enchilada.xlsx / Küche Distra
Enchilada;kueche;2026-01-01;200151;Giffard Falernum Sirup 1,0L;Distra;Gewürze und sonstiges;false;;2026 PAL Enchilada.xlsx / Küche Distra
Enchilada;kueche;2026-01-01;400066;Saucenbecher Pla 2Oz/60Ml Karton 20X100;Distra;Gewürze und sonstiges;false;;2026 PAL Enchilada.xlsx / Küche Distra
Enchilada;kueche;2026-01-01;400067;Saucenbecher Pla 3Oz/90Ml Karton 20X100;Distra;Gewürze und sonstiges;false;;2026 PAL Enchilada.xlsx / Küche Distra
Enchilada;kueche;2026-01-01;400068;Deckel Pla Zu Saucenbecher 60Ml+90Ml Karton 2X100;Distra;Gewürze und sonstiges;false;;2026 PAL Enchilada.xlsx / Küche Distra
Enchilada;kueche;2026-01-01;400229;Pergamentpapier Enchilada 16X16cm;Distra;Gewürze und sonstiges;false;;2026 PAL Enchilada.xlsx / Küche Distra
Enchilada;kueche;2026-01-01;400236;Serviette naturbraun schmal 40x40;Distra;Gewürze und sonstiges;false;;2026 PAL Enchilada.xlsx / Küche Distra
Enchilada;kueche;2026-01-01;400336;Nitrilhandschuhe schwarz S Box 100Stk.;Distra;Gewürze und sonstiges;false;;2026 PAL Enchilada.xlsx / Küche Distra
Enchilada;kueche;2026-01-01;400337;Nitrilhandschuhe schwarz M Box 100Stk.;Distra;Gewürze und sonstiges;false;;2026 PAL Enchilada.xlsx / Küche Distra
Enchilada;kueche;2026-01-01;400338;Nitrilhandschuhe schwarz L Box 100Stk.;Distra;Gewürze und sonstiges;false;;2026 PAL Enchilada.xlsx / Küche Distra
Enchilada;kueche;2026-01-01;400339;Nitrilhandschuhe schwarz XL Box 100Stk.;Distra;Gewürze und sonstiges;false;;2026 PAL Enchilada.xlsx / Küche Distra
Enchilada;kueche;2026-01-01;400399;Gewürzmischung f. Quark;Distra;Gewürze und sonstiges;false;;2026 PAL Enchilada.xlsx / Küche Distra
Enchilada;kueche;2026-01-01;500050;Mais Frito (Pikant) Beutel 1,5kg;Distra;Gewürze und sonstiges;false;;2026 PAL Enchilada.xlsx / Küche Distra
Enchilada;kueche;2026-01-01;500066;Una Frittieröl 10L Bib Pure Box;Distra;Gewürze und sonstiges;false;;2026 PAL Enchilada.xlsx / Küche Distra
Enchilada;kueche;2026-01-01;;Avocado frisch, gross;CF Gastro;;false;;2026 PAL Enchilada.xlsx / Küche Gemüse
Enchilada;kueche;2026-01-01;;Babyspinat;CF Gastro;;false;;2026 PAL Enchilada.xlsx / Küche Gemüse
Enchilada;kueche;2026-01-01;;Koriander, Bund;CF Gastro;;false;;2026 PAL Enchilada.xlsx / Küche Gemüse
Enchilada;kueche;2026-01-01;;Limetten, Kiste;CF Gastro;;false;;2026 PAL Enchilada.xlsx / Küche Gemüse
Enchilada;kueche;2026-01-01;;Minze;CF Gastro;;false;;2026 PAL Enchilada.xlsx / Küche Gemüse
Enchilada;kueche;2026-01-01;;Paprikamix;CF Gastro;;false;;2026 PAL Enchilada.xlsx / Küche Gemüse
Enchilada;kueche;2026-01-01;;Radieschen;CF Gastro;;false;;2026 PAL Enchilada.xlsx / Küche Gemüse
Enchilada;kueche;2026-01-01;;Romana Salat Herzen;CF Gastro;;false;;2026 PAL Enchilada.xlsx / Küche Gemüse
Enchilada;kueche;2026-01-01;;Sommermix 6 Mixsalat;CF Gastro;;false;;2026 PAL Enchilada.xlsx / Küche Gemüse
Enchilada;kueche;2026-01-01;;Strauchtomaten;CF Gastro;;false;;2026 PAL Enchilada.xlsx / Küche Gemüse
Enchilada;kueche;2026-01-01;;Zucchini frisch;CF Gastro;;false;;2026 PAL Enchilada.xlsx / Küche Gemüse
Enchilada;kueche;2026-01-01;;Zwiebel Rot;CF Gastro;;false;;2026 PAL Enchilada.xlsx / Küche Gemüse
Enchilada;bar;2026-01-01;18459241;H-Milch 3,5% Eu Drehverschluss 1L;Chefs Culinar;;false;;2026 PAL Enchilada.xlsx / Bar Chefs Culinar
Enchilada;bar;2026-01-01;18651614;Tk Beerenmix Extra M.erdb. 2,5Kg;Chefs Culinar;;false;;2026 PAL Enchilada.xlsx / Bar Chefs Culinar
Enchilada;bar;2026-01-01;14625268;Sc Karamellgebaeck 300/1Er;Chefs Culinar;;false;;2026 PAL Enchilada.xlsx / Bar Chefs Culinar
Enchilada;bar;2026-01-01;17012744;Bc Streu Ds.wacholderbeeren 400G;Chefs Culinar;;false;;2026 PAL Enchilada.xlsx / Bar Chefs Culinar
Enchilada;bar;2026-01-01;18374674;Kokosnussmilch 1L;Chefs Culinar;;false;;2026 PAL Enchilada.xlsx / Bar Chefs Culinar
Enchilada;bar;2026-01-01;18777062;Paloma Pink Grap.lem.dpg Ds0,33L;Chefs Culinar;;false;;2026 PAL Enchilada.xlsx / Bar Chefs Culinar
Enchilada;bar;2026-01-01;60052997;Tk Erdbeeren Cama. 2,5Kg;Chefs Culinar;;false;;2026 PAL Enchilada.xlsx / Bar Chefs Culinar
Enchilada;bar;2026-01-01;15640277;Rohrzucker Weiss 500G;Chefs Culinar;;false;;2026 PAL Enchilada.xlsx / Bar Chefs Culinar
Enchilada;bar;2026-01-01;14031106;Drey Bio Agavensirup 180Ml;Chefs Culinar;;false;;2026 PAL Enchilada.xlsx / Bar Chefs Culinar
Enchilada;bar;2026-01-01;20020163;Feiner Zucker Raffinade Eg I 1Kg;Chefs Culinar;;false;;2026 PAL Enchilada.xlsx / Bar Chefs Culinar
Enchilada;bar;2026-01-01;15603067;Alpro Mandel Drink Original 1L;Chefs Culinar;;false;;2026 PAL Enchilada.xlsx / Bar Chefs Culinar
Enchilada;bar;2026-01-01;10378403;Duni Erfrischungstuecher;Chefs Culinar;;false;;2026 PAL Enchilada.xlsx / Bar Chefs Culinar
Enchilada;bar;2026-01-01;18851298;Cool Soft Kaubonbons Vegan 1Kg;Chefs Culinar;;false;;2026 PAL Enchilada.xlsx / Bar Chefs Culinar
Enchilada;bar;2026-01-01;12583812;Becher Milchaufschaeumer reiniger 1L;Chefs Culinar;;false;;2026 PAL Enchilada.xlsx / Bar Chefs Culinar
Enchilada;bar;2026-01-01;10098929;Becher Kaffeemaschinen Reiniger 1Kg;Chefs Culinar;;false;;2026 PAL Enchilada.xlsx / Bar Chefs Culinar
Enchilada;bar;2026-01-01;90141;Apricot Brandy 20%;Distra;BASIC;false;;2026 PAL Enchilada.xlsx / Bar Distra
Enchilada;bar;2026-01-01;90131;Cherry Likör 20%;Distra;BASIC;false;;2026 PAL Enchilada.xlsx / Bar Distra
Enchilada;bar;2026-01-01;90171;Cachaca 38%;Distra;BASIC;false;;2026 PAL Enchilada.xlsx / Bar Distra
Enchilada;bar;2026-01-01;90111;Tequila Silver 38%;Distra;BASIC;false;;2026 PAL Enchilada.xlsx / Bar Distra
Enchilada;bar;2026-01-01;90121;Curacao Triple Sec 22%;Distra;BASIC;false;;2026 PAL Enchilada.xlsx / Bar Distra
Enchilada;bar;2026-01-01;90152;Basic Vodka 37,5%;Distra;BASIC;false;;2026 PAL Enchilada.xlsx / Bar Distra
Enchilada;bar;2026-01-01;90161;Basic Dry Gin 37,5%;Distra;BASIC;false;;2026 PAL Enchilada.xlsx / Bar Distra
Enchilada;bar;2026-01-01;9982;Basic Dark Overproof Rum 73%;Distra;BASIC;false;;2026 PAL Enchilada.xlsx / Bar Distra
Enchilada;bar;2026-01-01;90101;Basic White Rum 37,5%;Distra;BASIC;false;;2026 PAL Enchilada.xlsx / Bar Distra
Enchilada;bar;2026-01-01;200030;Basic Long island Mix 34%;Distra;BASIC;false;;2026 PAL Enchilada.xlsx / Bar Distra
Enchilada;bar;2026-01-01;200036;Basic Coconut Rum Liqueur 21%;Distra;BASIC;false;;2026 PAL Enchilada.xlsx / Bar Distra
Enchilada;bar;2026-01-01;200037;Basic Peach Liqueur 16%;Distra;BASIC;false;;2026 PAL Enchilada.xlsx / Bar Distra
Enchilada;bar;2026-01-01;200163;Shaker´s Choice No 13 Melone 17% 1,0l;Distra;BASIC;false;;2026 PAL Enchilada.xlsx / Bar Distra
Enchilada;bar;2026-01-01;529;Ketel One;Distra;Vodka;false;;2026 PAL Enchilada.xlsx / Bar Distra
Enchilada;bar;2026-01-01;9712;Smirnoff Red;Distra;Vodka;false;;2026 PAL Enchilada.xlsx / Bar Distra
Enchilada;bar;2026-01-01;732;Havana Club Anejo 7 Anos;Distra;Rum;false;;2026 PAL Enchilada.xlsx / Bar Distra
Enchilada;bar;2026-01-01;774;Ron Zacapa 23y;Distra;Rum;false;;2026 PAL Enchilada.xlsx / Bar Distra
Enchilada;bar;2026-01-01;955;Bacardi Rum;Distra;Rum;false;;2026 PAL Enchilada.xlsx / Bar Distra
Enchilada;bar;2026-01-01;7302;Havana Club Anejo 3 Anos;Distra;Rum;false;;2026 PAL Enchilada.xlsx / Bar Distra
Enchilada;bar;2026-01-01;7601;Captain Morgan;Distra;Rum;false;;2026 PAL Enchilada.xlsx / Bar Distra
Enchilada;bar;2026-01-01;9550;Bacardi Razz;Distra;Rum;false;;2026 PAL Enchilada.xlsx / Bar Distra
Enchilada;bar;2026-01-01;78851;Captain Morgan Dark Rum;Distra;Rum;false;;2026 PAL Enchilada.xlsx / Bar Distra
Enchilada;bar;2026-01-01;200028;Don Papa 7 40% 0,7l;Distra;Rum;false;;2026 PAL Enchilada.xlsx / Bar Distra
Enchilada;bar;2026-01-01;200115;Captain Morgan S.G. 0,0% 0,7l;Distra;Rum;false;;2026 PAL Enchilada.xlsx / Bar Distra
Enchilada;bar;2026-01-01;200155;Rum Bacardi Carta Oro;Distra;Rum;false;;2026 PAL Enchilada.xlsx / Bar Distra
Enchilada;bar;2026-01-01;200192;Malfy con arancia 0,7 41%;Distra;GIN;false;;2026 PAL Enchilada.xlsx / Bar Distra
Enchilada;bar;2026-01-01;515;Hendrick´s Gin;Distra;GIN;false;;2026 PAL Enchilada.xlsx / Bar Distra
Enchilada;bar;2026-01-01;517;Monkey 47 Gin;Distra;GIN;false;;2026 PAL Enchilada.xlsx / Bar Distra
Enchilada;bar;2026-01-01;200046;Bombay Pressé;Distra;GIN;false;;2026 PAL Enchilada.xlsx / Bar Distra
Enchilada;bar;2026-01-01;5264;Tanqueray Flor de Sevilla;Distra;GIN;false;;2026 PAL Enchilada.xlsx / Bar Distra
Enchilada;bar;2026-01-01;9772;Gin Brockmans Agave Cut;Distra;GIN;false;;2026 PAL Enchilada.xlsx / Bar Distra
Enchilada;bar;2026-01-01;712;Tequila Don Julio Reposado;Distra;Tequila/Mezcal;false;;2026 PAL Enchilada.xlsx / Bar Distra
Enchilada;bar;2026-01-01;713;Tequila Don Julio Anejo;Distra;Tequila/Mezcal;false;;2026 PAL Enchilada.xlsx / Bar Distra
Enchilada;bar;2026-01-01;714;Tequila Patron Blanco;Distra;Tequila/Mezcal;false;;2026 PAL Enchilada.xlsx / Bar Distra
Enchilada;bar;2026-01-01;715;Tequila Patron Reposado;Distra;Tequila/Mezcal;false;;2026 PAL Enchilada.xlsx / Bar Distra
Enchilada;bar;2026-01-01;716;Tequila Patron Anejo;Distra;Tequila/Mezcal;false;;2026 PAL Enchilada.xlsx / Bar Distra
Enchilada;bar;2026-01-01;719;Tequila Don Julio Blanco;Distra;Tequila/Mezcal;false;;2026 PAL Enchilada.xlsx / Bar Distra
Enchilada;bar;2026-01-01;722;San Cosme Mezcal;Distra;Tequila/Mezcal;false;;2026 PAL Enchilada.xlsx / Bar Distra
Enchilada;bar;2026-01-01;743;Mezcal Gusano Rojo;Distra;Tequila/Mezcal;false;;2026 PAL Enchilada.xlsx / Bar Distra
Enchilada;bar;2026-01-01;936;Tequila Olmaca Altos Reposado 38% 0,7l;Distra;Tequila/Mezcal;false;;2026 PAL Enchilada.xlsx / Bar Distra
Enchilada;bar;2026-01-01;937;Tequila Olmeca Altos Plata 38% 0,7l;Distra;Tequila/Mezcal;false;;2026 PAL Enchilada.xlsx / Bar Distra
Enchilada;bar;2026-01-01;200031;Corralejo Gran Anejo 38% 1l;Distra;Tequila/Mezcal;false;;2026 PAL Enchilada.xlsx / Bar Distra
Enchilada;bar;2026-01-01;200032;Corralejo 99000 Horas 38% 0,7l;Distra;Tequila/Mezcal;false;;2026 PAL Enchilada.xlsx / Bar Distra
Enchilada;bar;2026-01-01;200033;Corralejo Anejo 38% 0,7l;Distra;Tequila/Mezcal;false;;2026 PAL Enchilada.xlsx / Bar Distra
Enchilada;bar;2026-01-01;200035;Corralejo Blanco 38% 0,7l;Distra;Tequila/Mezcal;false;;2026 PAL Enchilada.xlsx / Bar Distra
Enchilada;bar;2026-01-01;200128;Tequila Teremana Blanco 40 % 0,7 Fl;Distra;Tequila/Mezcal;false;;2026 PAL Enchilada.xlsx / Bar Distra
Enchilada;bar;2026-01-01;200129;Tequila Teremana Reposado 40 % 0,7l Fl;Distra;Tequila/Mezcal;false;;2026 PAL Enchilada.xlsx / Bar Distra
Enchilada;bar;2026-01-01;200131;Tequila Teremana Anejo  40 % 0,7 Fl;Distra;Tequila/Mezcal;false;;2026 PAL Enchilada.xlsx / Bar Distra
Enchilada;bar;2026-01-01;200156;Corralejo Reposado 38% 0,7l;Distra;Tequila/Mezcal;false;;2026 PAL Enchilada.xlsx / Bar Distra
Enchilada;bar;2026-01-01;200161;Corralejo Tequila Likör 20% 0,7l;Distra;Tequila/Mezcal;false;;2026 PAL Enchilada.xlsx / Bar Distra
Enchilada;bar;2026-01-01;773;Bulleit Bourbon;Distra;Whisky;false;;2026 PAL Enchilada.xlsx / Bar Distra
Enchilada;bar;2026-01-01;7471;Jim Beam;Distra;Whisky;false;;2026 PAL Enchilada.xlsx / Bar Distra
Enchilada;bar;2026-01-01;7886;Auchentoshan 12Y.o.;Distra;Whisky;false;;2026 PAL Enchilada.xlsx / Bar Distra
Enchilada;bar;2026-01-01;605;Angostura Bitters;Distra;Aperetivs, Bitters & Co.;false;;2026 PAL Enchilada.xlsx / Bar Distra
Enchilada;bar;2026-01-01;750;Ramazotti Amaro;Distra;Aperetivs, Bitters & Co.;false;;2026 PAL Enchilada.xlsx / Bar Distra
Enchilada;bar;2026-01-01;751;Likör 43;Distra;Aperetivs, Bitters & Co.;false;;2026 PAL Enchilada.xlsx / Bar Distra
Enchilada;bar;2026-01-01;767;Jägermeister;Distra;Aperetivs, Bitters & Co.;false;;2026 PAL Enchilada.xlsx / Bar Distra
Enchilada;bar;2026-01-01;934;Kahlua;Distra;Aperetivs, Bitters & Co.;false;;2026 PAL Enchilada.xlsx / Bar Distra
Enchilada;bar;2026-01-01;4450;Dos Mas Zimtlikör;Distra;Aperetivs, Bitters & Co.;false;;2026 PAL Enchilada.xlsx / Bar Distra
Enchilada;bar;2026-01-01;5271;Lillet Blanc;Distra;Aperetivs, Bitters & Co.;false;;2026 PAL Enchilada.xlsx / Bar Distra
Enchilada;bar;2026-01-01;9021;De Kuyper Blue Curacao;Distra;Aperetivs, Bitters & Co.;false;;2026 PAL Enchilada.xlsx / Bar Distra
Enchilada;bar;2026-01-01;9501;Aperol;Distra;Aperetivs, Bitters & Co.;false;;2026 PAL Enchilada.xlsx / Bar Distra
Enchilada;bar;2026-01-01;58155;Warninks Lemon Cheesecake;Distra;Aperetivs, Bitters & Co.;false;;2026 PAL Enchilada.xlsx / Bar Distra
Enchilada;bar;2026-01-01;77751;Berliner Luft;Distra;Aperetivs, Bitters & Co.;false;;2026 PAL Enchilada.xlsx / Bar Distra
Enchilada;bar;2026-01-01;200012;Aperitif Sarti Rosa 17% 0,7l;Distra;Aperetivs, Bitters & Co.;false;;2026 PAL Enchilada.xlsx / Bar Distra
Enchilada;bar;2026-01-01;200015;Liokos Mundfeuerwerk (Mexikaner);Distra;Aperetivs, Bitters & Co.;false;;2026 PAL Enchilada.xlsx / Bar Distra
Enchilada;bar;2026-01-01;200112;Jägermeister Manifest;Distra;Aperetivs, Bitters & Co.;false;;2026 PAL Enchilada.xlsx / Bar Distra
Enchilada;bar;2026-01-01;200196;Giffard Spritz alkoholfrei;Distra;Aperetivs, Bitters & Co.;false;;2026 PAL Enchilada.xlsx / Bar Distra
Enchilada;bar;2026-01-01;200120;Holunderblütensirup 0% Zuckerfrei 0,7L;Distra;PÜREES & SIRUPE;false;;2026 PAL Enchilada.xlsx / Bar Distra
Enchilada;bar;2026-01-01;200137;Giffard Rohrzuckersirup;Distra;PÜREES & SIRUPE;false;;2026 PAL Enchilada.xlsx / Bar Distra
Enchilada;bar;2026-01-01;200141;Giffard Vanille Sirup 1,0L;Distra;PÜREES & SIRUPE;false;;2026 PAL Enchilada.xlsx / Bar Distra
Enchilada;bar;2026-01-01;200147;Giffard Grenadine Sirup 1,0L;Distra;PÜREES & SIRUPE;false;;2026 PAL Enchilada.xlsx / Bar Distra
Enchilada;bar;2026-01-01;200151;Giffard Falernum Sirup 1,0L;Distra;PÜREES & SIRUPE;false;;2026 PAL Enchilada.xlsx / Bar Distra
Enchilada;bar;2026-01-01;200153;Giffard Fruit F. Mix Maracuja;Distra;PÜREES & SIRUPE;false;;2026 PAL Enchilada.xlsx / Bar Distra
Enchilada;bar;2026-01-01;200154;Giffard Fruit f. Mix Mango Pet 1,0l;Distra;PÜREES & SIRUPE;false;;2026 PAL Enchilada.xlsx / Bar Distra
Enchilada;bar;2026-01-01;200185;Giffard Fruit f. Mix Banane Pet 1,0l;Distra;PÜREES & SIRUPE;false;;2026 PAL Enchilada.xlsx / Bar Distra
Enchilada;bar;2026-01-01;200186;Giffard Fruit f. Mix Kiwi Pet 1,0l;Distra;PÜREES & SIRUPE;false;;2026 PAL Enchilada.xlsx / Bar Distra
Enchilada;bar;2026-01-01;200187;Giffard Fruit f. Mix Ananas Pet 1,0l;Distra;PÜREES & SIRUPE;false;;2026 PAL Enchilada.xlsx / Bar Distra
Enchilada;bar;2026-01-01;200188;Giffard Fruit f. Mix Sour Apple  Pet 1,0l;Distra;PÜREES & SIRUPE;false;;2026 PAL Enchilada.xlsx / Bar Distra
Enchilada;bar;2026-01-01;500011;Horchata Konzentrat 0,7l;Distra;PÜREES & SIRUPE;false;;2026 PAL Enchilada.xlsx / Bar Distra
Enchilada;bar;2026-01-01;10953;Hausgemachter Eistee Sirup 3Kg Kanister;Distra;HAUSGEMACHTE SIRUPE;false;;2026 PAL Enchilada.xlsx / Bar Distra
Enchilada;bar;2026-01-01;496;Zitronensaft Tk Karton 6 X 1L;Distra;SÄFTE;false;;2026 PAL Enchilada.xlsx / Bar Distra
Enchilada;bar;2026-01-01;779112;Secco Bianco Frizzante 0,75l;Distra;Sekt;false;;2026 PAL Enchilada.xlsx / Bar Distra
Enchilada;bar;2026-01-01;779160;Kessler Sekt 0,75L;Distra;Sekt;false;;2026 PAL Enchilada.xlsx / Bar Distra
Enchilada;bar;2026-01-01;779103;Manana Vino Blanco 0,75l;Distra;Weißwein;false;;2026 PAL Enchilada.xlsx / Bar Distra
Enchilada;bar;2026-01-01;779105;Casa Santos Lima Lisboa Blanco Share;Distra;Weißwein;false;;2026 PAL Enchilada.xlsx / Bar Distra
Enchilada;bar;2026-01-01;200177;Weiß Rafa Canizares Sauvignon 0,75l;Distra;Weißwein;false;;2026 PAL Enchilada.xlsx / Bar Distra
Enchilada;bar;2026-01-01;779107;Manana Vino Rosado 0,75l;Distra;Rosé;false;;2026 PAL Enchilada.xlsx / Bar Distra
Enchilada;bar;2026-01-01;779108;Manana Vino Tinto 0,75l;Distra;Rotwein;false;;2026 PAL Enchilada.xlsx / Bar Distra
Enchilada;bar;2026-01-01;779110;Rot Casa Santos Lima Lisboa Share;Distra;Rotwein;false;;2026 PAL Enchilada.xlsx / Bar Distra
Enchilada;bar;2026-01-01;200178;Rot Real Cranza Rioja Doca 0,75l;Distra;Rotwein;false;;2026 PAL Enchilada.xlsx / Bar Distra
Enchilada;bar;2026-01-01;6750;Orangenscheibe Gedörrt;Distra;DÖRROBST;false;;2026 PAL Enchilada.xlsx / Bar Distra
Enchilada;bar;2026-01-01;1524;Anhängeetiketten Enchilada Pack 250 Stk.;Distra;SONDERARTIKEL;false;;2026 PAL Enchilada.xlsx / Bar Distra
Enchilada;bar;2026-01-01;1582;Thermorollen;Distra;SONDERARTIKEL;false;;2026 PAL Enchilada.xlsx / Bar Distra
Enchilada;bar;2026-01-01;1589;Lagerungsetikett Wasserlöslich Rolle 500 Stk.;Distra;SONDERARTIKEL;false;;2026 PAL Enchilada.xlsx / Bar Distra
Enchilada;bar;2026-01-01;1598;Thermorollen für Drucker mit Bewirtung;Distra;SONDERARTIKEL;false;;2026 PAL Enchilada.xlsx / Bar Distra
Enchilada;bar;2026-01-01;13923;Servietten 20x20;Distra;SONDERARTIKEL;false;;2026 PAL Enchilada.xlsx / Bar Distra
Enchilada;bar;2026-01-01;14200;Kerze 36 Stunden Für Kerzenglas Karton;Distra;SONDERARTIKEL;false;;2026 PAL Enchilada.xlsx / Bar Distra
Enchilada;bar;2026-01-01;78127;Trinkhalme Cremeweiß;Distra;SONDERARTIKEL;false;;2026 PAL Enchilada.xlsx / Bar Distra
Enchilada;bar;2026-01-01;200193;Fee Foam 150ml;Distra;SONDERARTIKEL;false;;2026 PAL Enchilada.xlsx / Bar Distra
Enchilada;bar;2026-01-01;400100;Trinkbecher Pla 0,5L;Distra;SONDERARTIKEL;false;;2026 PAL Enchilada.xlsx / Bar Distra
Enchilada;bar;2026-01-01;400101;Deckel Flach Für Becher 0,3-0,5L;Distra;SONDERARTIKEL;false;;2026 PAL Enchilada.xlsx / Bar Distra
Enchilada;bar;2026-01-01;400179;Becher 0,3l ToGo;Distra;SONDERARTIKEL;false;;2026 PAL Enchilada.xlsx / Bar Distra
Enchilada;bar;2026-01-01;400236;Servietten 40x40;Distra;SONDERARTIKEL;false;;2026 PAL Enchilada.xlsx / Bar Distra
Enchilada;bar;2026-01-01;500042;Kokoschips mit Kakao;Distra;SONDERARTIKEL;false;;2026 PAL Enchilada.xlsx / Bar Distra
Enchilada;bar;2026-01-01;500052;Tajin (Fruit Seasonning) Flasche;Distra;SONDERARTIKEL;false;;2026 PAL Enchilada.xlsx / Bar Distra
Enchilada;bar;2026-01-01;638134;Ausgießer 0,7l Silikon;Distra;SONDERARTIKEL;false;;2026 PAL Enchilada.xlsx / Bar Distra
Enchilada;bar;2026-01-01;638136;Ausgießer 1,0l Schwarz für Sirupe;Distra;SONDERARTIKEL;false;;2026 PAL Enchilada.xlsx / Bar Distra
Enchilada;bar;2026-01-01;638137;Ausgießer 1,0l Schwarz;Distra;SONDERARTIKEL;false;;2026 PAL Enchilada.xlsx / Bar Distra
Enchilada;bar;2026-01-01;;Zitronen;CF Gastro;;false;;2026 PAL Enchilada.xlsx / Bar Obst und Gemüse
Enchilada;bar;2026-01-01;;Orangen;CF Gastro;;false;;2026 PAL Enchilada.xlsx / Bar Obst und Gemüse
Enchilada;bar;2026-01-01;;Limetten(Kiste 4,5Kg);CF Gastro;;false;;2026 PAL Enchilada.xlsx / Bar Obst und Gemüse
Enchilada;bar;2026-01-01;;Minze;CF Gastro;;false;;2026 PAL Enchilada.xlsx / Bar Obst und Gemüse
Enchilada;bar;2026-01-01;;Fentimens Indian Tonic 0,2;GFGH;ALKOHOLFREIE GETRÄNKE;false;;2026 PAL Enchilada.xlsx / Bar GFGH
Enchilada;bar;2026-01-01;;Schweppes Bitterlemon 24x0,2;GFGH;ALKOHOLFREIE GETRÄNKE;false;;2026 PAL Enchilada.xlsx / Bar GFGH
Enchilada;bar;2026-01-01;;Schweppes Indian Tonic Water 24x0,2;GFGH;ALKOHOLFREIE GETRÄNKE;false;;2026 PAL Enchilada.xlsx / Bar GFGH
Enchilada;bar;2026-01-01;;Schweppes Ginger Beer 24x0,2;GFGH;ALKOHOLFREIE GETRÄNKE;false;;2026 PAL Enchilada.xlsx / Bar GFGH
Enchilada;bar;2026-01-01;;Schweppes Russian Wildberry 6x1,0;GFGH;ALKOHOLFREIE GETRÄNKE;false;;2026 PAL Enchilada.xlsx / Bar GFGH
Enchilada;bar;2026-01-01;;Schweppes White Peach 24x0,2;GFGH;ALKOHOLFREIE GETRÄNKE;false;;2026 PAL Enchilada.xlsx / Bar GFGH
Enchilada;bar;2026-01-01;;Granini Ananas 6x1,0;GFGH;ALKOHOLFREIE GETRÄNKE;false;;2026 PAL Enchilada.xlsx / Bar GFGH
Enchilada;bar;2026-01-01;;Granini Apfelsaft naturtrüb 6x1,0;GFGH;ALKOHOLFREIE GETRÄNKE;false;;2026 PAL Enchilada.xlsx / Bar GFGH
Enchilada;bar;2026-01-01;;Granini Cranberry 6x1,0;GFGH;ALKOHOLFREIE GETRÄNKE;false;;2026 PAL Enchilada.xlsx / Bar GFGH
Enchilada;bar;2026-01-01;;Granini Johannisbeernektar 6x1,0;GFGH;ALKOHOLFREIE GETRÄNKE;false;;2026 PAL Enchilada.xlsx / Bar GFGH
Enchilada;bar;2026-01-01;;Granini Kirschnektar 6x1,0;GFGH;ALKOHOLFREIE GETRÄNKE;false;;2026 PAL Enchilada.xlsx / Bar GFGH
Enchilada;bar;2026-01-01;;Granini Maracujanektar 6x1,0;GFGH;ALKOHOLFREIE GETRÄNKE;false;;2026 PAL Enchilada.xlsx / Bar GFGH
Enchilada;bar;2026-01-01;;Granini Orangensaft 6x1,0;GFGH;ALKOHOLFREIE GETRÄNKE;false;;2026 PAL Enchilada.xlsx / Bar GFGH
Enchilada;bar;2026-01-01;;Granini Lemon Squash 6x1,l;GFGH;ALKOHOLFREIE GETRÄNKE;false;;2026 PAL Enchilada.xlsx / Bar GFGH
Enchilada;bar;2026-01-01;;Granini Pfirsichnektar 6x1,0;GFGH;ALKOHOLFREIE GETRÄNKE;false;;2026 PAL Enchilada.xlsx / Bar GFGH
Enchilada;bar;2026-01-01;;Granini Pink Grapefruit 6x1,0;GFGH;ALKOHOLFREIE GETRÄNKE;false;;2026 PAL Enchilada.xlsx / Bar GFGH
Enchilada;bar;2026-01-01;;Selters Classic 20x0,5;GFGH;ALKOHOLFREIE GETRÄNKE;false;;2026 PAL Enchilada.xlsx / Bar GFGH
Enchilada;bar;2026-01-01;;Selters Naturell 20x0,5;GFGH;ALKOHOLFREIE GETRÄNKE;false;;2026 PAL Enchilada.xlsx / Bar GFGH
Enchilada;bar;2026-01-01;;7UP BiB;GFGH;ALKOHOLFREIE GETRÄNKE;false;;2026 PAL Enchilada.xlsx / Bar GFGH
Enchilada;bar;2026-01-01;;Mirinda BiB;GFGH;ALKOHOLFREIE GETRÄNKE;false;;2026 PAL Enchilada.xlsx / Bar GFGH
Enchilada;bar;2026-01-01;;Pepsi BiB;GFGH;ALKOHOLFREIE GETRÄNKE;false;;2026 PAL Enchilada.xlsx / Bar GFGH
Enchilada;bar;2026-01-01;;Pepsi Maxx 24x0,33;GFGH;ALKOHOLFREIE GETRÄNKE;false;;2026 PAL Enchilada.xlsx / Bar GFGH
Enchilada;bar;2026-01-01;;Red Bull;GFGH;ALKOHOLFREIE GETRÄNKE;false;;2026 PAL Enchilada.xlsx / Bar GFGH
Enchilada;bar;2026-01-01;;Red Bull Zero;GFGH;ALKOHOLFREIE GETRÄNKE;false;;2026 PAL Enchilada.xlsx / Bar GFGH
Enchilada;bar;2026-01-01;;Bierdeckel;GFGH;SONSTIGES;false;;2026 PAL Enchilada.xlsx / Bar GFGH
