Marke;Kostenstelle;erpId;orderId;Bestellnummer;Bestelldatum;Versuche;Erster Fehler (UTC);Letzter Fehler (UTC);Angefragter Pfad
Aposto;Bar Aposto Aalen;10118;558655;392;2026-04-26;3;2026-08-02T19:27:20.028Z;2026-08-02T19:48:36.661Z;/api/10118/shop-order/558655/change?order_by=name
Aposto;Bar Aposto Aalen;10118;571455;402;2026-05-17;4;2026-08-02T18:20:16.230Z;2026-08-02T18:53:43.147Z;/api/10118/shop-order/571455/change?order_by=name
Aposto;Bar Aposto Aalen;10118;575422;404;2026-05-23;4;2026-08-02T18:03:58.661Z;2026-08-02T18:32:19.449Z;/api/10118/shop-order/575422/change?order_by=name
Enchilada;Bar Enchilada Augsburg;10262;139182;2;2022-09-28;4;2026-08-03T23:07:09.725Z;2026-08-03T23:57:51.571Z;/api/10262/shop-order/139182/change?order_by=name
Enchilada;Bar Enchilada Augsburg;10262;140973;3;2022-10-05;4;2026-08-03T23:06:57.378Z;2026-08-03T23:34:30.721Z;/api/10262/shop-order/140973/change?order_by=name
Enchilada;Bar Enchilada Augsburg;10262;159078;5;2022-12-20;4;2026-08-03T23:03:45.322Z;2026-08-03T23:29:43.886Z;/api/10262/shop-order/159078/change?order_by=name
Enchilada;Bar Enchilada Augsburg;10262;160090;6;2022-12-27;4;2026-08-03T23:03:31.986Z;2026-08-03T23:37:45.487Z;/api/10262/shop-order/160090/change?order_by=name
Enchilada;Bar Enchilada Augsburg;10262;160317;7;2022-12-28;4;2026-08-03T23:03:27.423Z;2026-08-03T23:39:31.600Z;/api/10262/shop-order/160317/change?order_by=name
Enchilada;Bar Enchilada Augsburg;10262;161049;8;2023-01-02;4;2026-08-03T23:03:17.950Z;2026-08-03T23:42:47.459Z;/api/10262/shop-order/161049/change?order_by=name
Enchilada;Bar Enchilada Augsburg;10262;161554;9;2023-01-04;4;2026-08-03T23:03:00.910Z;2026-08-03T23:57:50.684Z;/api/10262/shop-order/161554/change?order_by=name
Enchilada;Bar Enchilada Augsburg;10262;162765;10;2023-01-10;4;2026-08-03T23:02:47.592Z;2026-08-03T23:57:49.057Z;/api/10262/shop-order/162765/change?order_by=name
Enchilada;Bar Enchilada Augsburg;10262;162947;11;2023-01-11;4;2026-08-03T23:02:44.141Z;2026-08-03T23:57:47.717Z;/api/10262/shop-order/162947/change?order_by=name
Enchilada;Bar Enchilada Augsburg;10262;163929;12;2023-01-17;4;2026-08-03T23:02:24.035Z;2026-08-03T23:57:46.117Z;/api/10262/shop-order/163929/change?order_by=name
Enchilada;Bar Enchilada Augsburg;10262;164138;13;2023-01-18;4;2026-08-03T23:02:18.136Z;2026-08-03T23:57:44.941Z;/api/10262/shop-order/164138/change?order_by=name
Enchilada;Bar Enchilada Augsburg;10262;165675;15;2023-01-25;4;2026-08-03T23:01:54.224Z;2026-08-03T23:29:42.299Z;/api/10262/shop-order/165675/change?order_by=name
Enchilada;Bar Enchilada Augsburg;10262;166849;18;2023-01-31;4;2026-08-03T23:01:24.620Z;2026-08-03T23:57:43.588Z;/api/10262/shop-order/166849/change?order_by=name
Enchilada;Bar Enchilada Augsburg;10262;166986;19;2023-02-01;4;2026-08-03T23:01:18.642Z;2026-08-03T23:41:09.860Z;/api/10262/shop-order/166986/change?order_by=name
Enchilada;Bar Enchilada Augsburg;10262;168468;23;2023-02-08;4;2026-08-03T23:00:48.330Z;2026-08-03T23:39:29.839Z;/api/10262/shop-order/168468/change?order_by=name
Enchilada;Bar Enchilada Augsburg;10262;169645;24;2023-02-14;4;2026-08-03T23:00:33.535Z;2026-08-03T23:37:43.176Z;/api/10262/shop-order/169645/change?order_by=name
Enchilada;Bar Enchilada Augsburg;10262;169732;25;2023-02-15;4;2026-08-03T23:00:27.814Z;2026-08-03T23:41:08.314Z;/api/10262/shop-order/169732/change?order_by=name
Enchilada;Bar Enchilada Augsburg;10262;171014;27;2023-02-21;4;2026-08-03T23:00:05.959Z;2026-08-03T23:57:42.619Z;/api/10262/shop-order/171014/change?order_by=name
Enchilada;Bar Enchilada Augsburg;10262;171015;28;2023-02-21;4;2026-08-03T23:00:07.677Z;2026-08-03T23:31:21.167Z;/api/10262/shop-order/171015/change?order_by=name
Enchilada;Bar Enchilada Augsburg;10262;172631;34;2023-03-01;4;2026-08-03T22:59:32.043Z;2026-08-03T23:24:24.379Z;/api/10262/shop-order/172631/change?order_by=name
Enchilada;Bar Enchilada Augsburg;10262;173798;35;2023-03-07;4;2026-08-03T22:59:01.730Z;2026-08-03T23:24:22.714Z;/api/10262/shop-order/173798/change?order_by=name
Enchilada;Bar Enchilada Augsburg;10262;174078;38;2023-03-08;4;2026-08-03T22:58:48.289Z;2026-08-03T23:39:28.328Z;/api/10262/shop-order/174078/change?order_by=name
Enchilada;Bar Enchilada Augsburg;10262;175209;39;2023-03-14;4;2026-08-03T22:58:32.134Z;2026-08-03T23:39:26.322Z;/api/10262/shop-order/175209/change?order_by=name
Enchilada;Bar Enchilada Augsburg;10262;175445;41;2023-03-15;4;2026-08-03T22:58:24.169Z;2026-08-03T23:33:07.617Z;/api/10262/shop-order/175445/change?order_by=name
Enchilada;Bar Enchilada Augsburg;10262;176677;42;2023-03-21;4;2026-08-03T22:58:06.441Z;2026-08-03T23:33:05.884Z;/api/10262/shop-order/176677/change?order_by=name
Enchilada;Bar Enchilada Augsburg;10262;176901;44;2023-03-22;4;2026-08-03T22:57:59.939Z;2026-08-03T23:57:41.574Z;/api/10262/shop-order/176901/change?order_by=name
Enchilada;Bar Enchilada Augsburg;10262;178097;46;2023-03-28;4;2026-08-03T22:57:33.567Z;2026-08-03T23:24:20.571Z;/api/10262/shop-order/178097/change?order_by=name
Enchilada;Bar Enchilada Augsburg;10262;178331;47;2023-03-29;4;2026-08-03T22:57:22.170Z;2026-08-03T23:27:55.612Z;/api/10262/shop-order/178331/change?order_by=name
Enchilada;Bar Enchilada Augsburg;10262;179417;49;2023-04-03;4;2026-08-03T22:56:48.002Z;2026-08-03T23:33:03.804Z;/api/10262/shop-order/179417/change?order_by=name
Enchilada;Bar Enchilada Augsburg;10262;179628;51;2023-04-04;4;2026-08-03T22:56:38.683Z;2026-08-03T23:32:59.389Z;/api/10262/shop-order/179628/change?order_by=name
Enchilada;Bar Enchilada Augsburg;10262;180783;53;2023-04-12;4;2026-08-03T22:55:59.155Z;2026-08-03T23:24:18.918Z;/api/10262/shop-order/180783/change?order_by=name
Enchilada;Bar Enchilada Augsburg;10262;180994;54;2023-04-12;4;2026-08-03T22:56:09.322Z;2026-08-03T23:37:40.616Z;/api/10262/shop-order/180994/change?order_by=name
Enchilada;Bar Enchilada Augsburg;10262;182356;55;2023-04-18;4;2026-08-03T22:55:41.542Z;2026-08-03T23:32:57.382Z;/api/10262/shop-order/182356/change?order_by=name
Enchilada;Bar Enchilada Augsburg;10262;182643;56;2023-04-19;4;2026-08-03T22:55:31.505Z;2026-08-03T23:27:53.407Z;/api/10262/shop-order/182643/change?order_by=name
Enchilada;Bar Enchilada Augsburg;10262;184101;57;2023-04-25;4;2026-08-03T22:55:00.376Z;2026-08-03T23:29:40.305Z;/api/10262/shop-order/184101/change?order_by=name
Enchilada;Bar Enchilada Augsburg;10262;184374;60;2023-04-26;4;2026-08-03T22:54:50.045Z;2026-08-03T23:26:08.592Z;/api/10262/shop-order/184374/change?order_by=name
Enchilada;Bar Enchilada Augsburg;10262;185442;61;2023-05-02;4;2026-08-03T22:54:29.638Z;2026-08-03T23:41:06.188Z;/api/10262/shop-order/185442/change?order_by=name
Enchilada;Bar Enchilada Augsburg;10262;185923;63;2023-05-03;4;2026-08-03T22:54:23.309Z;2026-08-03T23:29:38.397Z;/api/10262/shop-order/185923/change?order_by=name
Enchilada;Bar Enchilada Augsburg;10262;187426;64;2023-05-09;4;2026-08-03T22:54:04.485Z;2026-08-03T23:39:24.172Z;/api/10262/shop-order/187426/change?order_by=name
Enchilada;Bar Enchilada Augsburg;10262;187532;65;2023-05-10;4;2026-08-03T22:53:54.195Z;2026-08-03T23:19:28.636Z;/api/10262/shop-order/187532/change?order_by=name
Enchilada;Bar Enchilada Augsburg;10262;189032;68;2023-05-16;4;2026-08-03T22:53:05.174Z;2026-08-03T23:31:19.546Z;/api/10262/shop-order/189032/change?order_by=name
Enchilada;Bar Enchilada Augsburg;10262;190448;69;2023-05-23;4;2026-08-03T22:52:48.792Z;2026-08-03T23:36:04.889Z;/api/10262/shop-order/190448/change?order_by=name
Enchilada;Bar Enchilada Augsburg;10262;191884;72;2023-05-30;4;2026-08-03T22:52:07.832Z;2026-08-03T23:24:16.945Z;/api/10262/shop-order/191884/change?order_by=name
Enchilada;Bar Enchilada Augsburg;10262;193299;75;2023-06-05;4;2026-08-03T22:51:45.035Z;2026-08-03T23:22:43.008Z;/api/10262/shop-order/193299/change?order_by=name
Enchilada;Bar Enchilada Augsburg;10262;193614;77;2023-06-06;4;2026-08-03T22:51:33.426Z;2026-08-03T23:36:02.647Z;/api/10262/shop-order/193614/change?order_by=name
Enchilada;Bar Enchilada Augsburg;10262;195000;78;2023-06-13;4;2026-08-03T22:51:06.700Z;2026-08-03T23:27:51.303Z;/api/10262/shop-order/195000/change?order_by=name
Enchilada;Bar Enchilada Augsburg;10262;195275;80;2023-06-14;4;2026-08-03T22:50:56.452Z;2026-08-03T23:26:06.648Z;/api/10262/shop-order/195275/change?order_by=name
Enchilada;Bar Enchilada Augsburg;10262;196726;82;2023-06-20;4;2026-08-03T22:50:29.381Z;2026-08-03T23:21:07.489Z;/api/10262/shop-order/196726/change?order_by=name
Enchilada;Bar Enchilada Augsburg;10262;196996;85;2023-06-21;4;2026-08-03T22:50:20.827Z;2026-08-03T23:31:17.989Z;/api/10262/shop-order/196996/change?order_by=name
Enchilada;Bar Enchilada Augsburg;10262;198482;86;2023-06-27;4;2026-08-03T22:49:36.074Z;2026-08-03T23:19:26.992Z;/api/10262/shop-order/198482/change?order_by=name
Enchilada;Bar Enchilada Augsburg;10262;198622;88;2023-06-28;4;2026-08-03T22:49:22.659Z;2026-08-03T23:29:36.524Z;/api/10262/shop-order/198622/change?order_by=name
Enchilada;Bar Enchilada Augsburg;10262;201019;91;2023-07-05;4;2026-08-03T22:48:52.915Z;2026-08-03T23:33:01.297Z;/api/10262/shop-order/201019/change?order_by=name
Enchilada;Bar Enchilada Augsburg;10262;202702;94;2023-07-12;4;2026-08-03T22:48:11.735Z;2026-08-03T23:31:15.912Z;/api/10262/shop-order/202702/change?order_by=name
Enchilada;Bar Enchilada Augsburg;10262;204054;97;2023-07-18;4;2026-08-03T22:47:42.325Z;2026-08-03T23:16:03.685Z;/api/10262/shop-order/204054/change?order_by=name
Enchilada;Bar Enchilada Augsburg;10262;205549;99;2023-07-25;4;2026-08-03T22:47:10.362Z;2026-08-03T23:27:49.256Z;/api/10262/shop-order/205549/change?order_by=name
Enchilada;Bar Enchilada Augsburg;10262;207666;104;2023-08-02;4;2026-08-03T22:46:17.522Z;2026-08-03T23:08:27.395Z;/api/10262/shop-order/207666/change?order_by=name
Enchilada;Bar Enchilada Augsburg;10262;209061;105;2023-08-08;4;2026-08-03T22:45:50.490Z;2026-08-03T23:24:14.944Z;/api/10262/shop-order/209061/change?order_by=name
Enchilada;Bar Enchilada Augsburg;10262;209062;106;2023-08-08;4;2026-08-03T22:45:53.165Z;2026-08-03T23:21:05.972Z;/api/10262/shop-order/209062/change?order_by=name
Enchilada;Bar Enchilada Augsburg;10262;210457;107;2023-08-14;4;2026-08-03T22:45:33.195Z;2026-08-03T23:12:42.467Z;/api/10262/shop-order/210457/change?order_by=name
Enchilada;Bar Enchilada Augsburg;10262;210796;108;2023-08-16;4;2026-08-03T22:45:23.929Z;2026-08-03T23:06:32.349Z;/api/10262/shop-order/210796/change?order_by=name
Enchilada;Bar Enchilada Augsburg;10262;212348;109;2023-08-22;4;2026-08-03T22:44:55.545Z;2026-08-03T23:26:04.606Z;/api/10262/shop-order/212348/change?order_by=name
Enchilada;Bar Enchilada Augsburg;10262;212629;110;2023-08-23;4;2026-08-03T22:44:43.432Z;2026-08-03T23:19:25.275Z;/api/10262/shop-order/212629/change?order_by=name
Enchilada;Bar Enchilada Augsburg;10262;214087;111;2023-08-29;4;2026-08-03T22:44:15.920Z;2026-08-03T23:17:49.237Z;/api/10262/shop-order/214087/change?order_by=name
Enchilada;Bar Enchilada Augsburg;10262;214339;112;2023-08-30;4;2026-08-03T22:44:07.791Z;2026-08-03T23:29:34.515Z;/api/10262/shop-order/214339/change?order_by=name
Enchilada;Bar Enchilada Augsburg;10262;215936;114;2023-09-06;4;2026-08-03T22:43:30.204Z;2026-08-03T23:19:22.711Z;/api/10262/shop-order/215936/change?order_by=name
Enchilada;Bar Enchilada Augsburg;10262;217739;116;2023-09-12;4;2026-08-03T22:42:50.501Z;2026-08-03T23:29:32.605Z;/api/10262/shop-order/217739/change?order_by=name
Enchilada;Bar Enchilada Augsburg;10262;219525;119;2023-09-19;4;2026-08-03T22:42:23.415Z;2026-08-03T23:12:30.176Z;/api/10262/shop-order/219525/change?order_by=name
Enchilada;Bar Enchilada Augsburg;10262;219526;120;2023-09-19;4;2026-08-03T22:42:25.119Z;2026-08-03T23:17:47.374Z;/api/10262/shop-order/219526/change?order_by=name
Enchilada;Bar Enchilada Augsburg;10262;221430;123;2023-09-27;4;2026-08-03T22:41:42.893Z;2026-08-03T23:09:56.051Z;/api/10262/shop-order/221430/change?order_by=name
Enchilada;Bar Enchilada Augsburg;10262;223059;124;2023-10-03;4;2026-08-03T22:41:10.665Z;2026-08-03T23:06:17.839Z;/api/10262/shop-order/223059/change?order_by=name
Enchilada;Bar Enchilada Augsburg;10262;224868;126;2023-10-11;4;2026-08-03T22:40:34.691Z;2026-08-03T23:21:04.024Z;/api/10262/shop-order/224868/change?order_by=name
Enchilada;Bar Enchilada Augsburg;10262;226610;128;2023-10-17;4;2026-08-03T22:39:55.740Z;2026-08-03T23:26:02.928Z;/api/10262/shop-order/226610/change?order_by=name
Enchilada;Bar Enchilada Augsburg;10262;226800;129;2023-10-18;4;2026-08-03T22:39:41.650Z;2026-08-03T23:06:54.612Z;/api/10262/shop-order/226800/change?order_by=name
Enchilada;Bar Enchilada Augsburg;10262;228443;130;2023-10-24;4;2026-08-03T22:39:12.628Z;2026-08-03T23:16:01.888Z;/api/10262/shop-order/228443/change?order_by=name
Enchilada;Bar Enchilada Augsburg;10262;228754;131;2023-10-25;4;2026-08-03T22:39:02.325Z;2026-08-03T23:21:01.802Z;/api/10262/shop-order/228754/change?order_by=name
Enchilada;Bar Enchilada Augsburg;10262;229778;133;2023-10-30;4;2026-08-03T22:38:18.939Z;2026-08-03T23:17:45.943Z;/api/10262/shop-order/229778/change?order_by=name
Enchilada;Bar Enchilada Augsburg;10262;229798;136;2023-10-30;4;2026-08-03T22:38:08.393Z;2026-08-03T23:09:17.739Z;/api/10262/shop-order/229798/change?order_by=name
Enchilada;Bar Enchilada Augsburg;10262;232089;138;2023-11-08;4;2026-08-03T22:37:30.682Z;2026-08-03T23:15:59.498Z;/api/10262/shop-order/232089/change?order_by=name
Enchilada;Bar Enchilada Augsburg;10262;233488;139;2023-11-14;4;2026-08-03T22:36:56.103Z;2026-08-03T23:14:14.581Z;/api/10262/shop-order/233488/change?order_by=name
Enchilada;Bar Enchilada Augsburg;10262;235326;142;2023-11-21;4;2026-08-03T22:36:17.805Z;2026-08-03T23:24:26.395Z;/api/10262/shop-order/235326/change?order_by=name
Enchilada;Bar Enchilada Augsburg;10262;235587;143;2023-11-22;4;2026-08-03T22:36:10.603Z;2026-08-03T23:08:19.329Z;/api/10262/shop-order/235587/change?order_by=name
Enchilada;Bar Enchilada Augsburg;10262;237132;144;2023-11-28;4;2026-08-03T22:35:30.439Z;2026-08-03T23:07:38.265Z;/api/10262/shop-order/237132/change?order_by=name
Enchilada;Bar Enchilada Augsburg;10262;237229;145;2023-11-29;4;2026-08-03T22:35:18.071Z;2026-08-03T23:15:57.694Z;/api/10262/shop-order/237229/change?order_by=name
Enchilada;Bar Enchilada Augsburg;10262;239004;146;2023-12-05;4;2026-08-03T22:34:52.084Z;2026-08-03T23:13:03.248Z;/api/10262/shop-order/239004/change?order_by=name
Enchilada;Bar Enchilada Augsburg;10262;239338;149;2023-12-06;4;2026-08-03T22:34:35.570Z;2026-08-03T23:17:44.095Z;/api/10262/shop-order/239338/change?order_by=name
Enchilada;Bar Enchilada Augsburg;10262;241178;151;2023-12-13;4;2026-08-03T22:34:04.681Z;2026-08-03T23:08:12.991Z;/api/10262/shop-order/241178/change?order_by=name
Enchilada;Bar Enchilada Augsburg;10262;242417;152;2023-12-18;4;2026-08-03T22:33:34.124Z;2026-08-03T23:01:43.830Z;/api/10262/shop-order/242417/change?order_by=name
Enchilada;Bar Enchilada Augsburg;10262;245148;156;2024-01-02;4;2026-08-03T22:32:34.128Z;2026-08-03T23:11:42.150Z;/api/10262/shop-order/245148/change?order_by=name
Enchilada;Bar Enchilada Augsburg;10262;245417;157;2024-01-03;4;2026-08-03T22:32:29.510Z;2026-08-03T23:08:39.994Z;/api/10262/shop-order/245417/change?order_by=name
Enchilada;Bar Enchilada Augsburg;10262;246804;158;2024-01-09;4;2026-08-03T22:32:03.251Z;2026-08-03T23:08:15.406Z;/api/10262/shop-order/246804/change?order_by=name
Enchilada;Bar Enchilada Augsburg;10262;247057;159;2024-01-10;4;2026-08-03T22:31:48.317Z;2026-08-03T23:05:56.910Z;/api/10262/shop-order/247057/change?order_by=name
Enchilada;Bar Enchilada Augsburg;10262;253881;168;2024-02-06;4;2026-08-03T22:29:12.918Z;2026-08-03T23:14:20.850Z;/api/10262/shop-order/253881/change?order_by=name
Enchilada;Bar Enchilada Augsburg;10262;254244;169;2024-02-08;4;2026-08-03T22:28:59.643Z;2026-08-03T23:11:08.038Z;/api/10262/shop-order/254244/change?order_by=name
Enchilada;Bar Enchilada Augsburg;10262;255342;170;2024-02-12;4;2026-08-03T22:28:42.593Z;2026-08-03T23:08:51.762Z;/api/10262/shop-order/255342/change?order_by=name
Enchilada;Bar Enchilada Augsburg;10262;259442;174;2024-02-27;4;2026-08-03T22:27:08.154Z;2026-08-03T23:09:15.929Z;/api/10262/shop-order/259442/change?order_by=name
Enchilada;Bar Enchilada Augsburg;10262;261608;177;2024-03-06;4;2026-08-03T22:26:25.847Z;2026-08-03T23:07:36.057Z;/api/10262/shop-order/261608/change?order_by=name
Enchilada;Bar Enchilada Augsburg;10262;263500;178;2024-03-12;4;2026-08-03T22:25:59.229Z;2026-08-03T23:05:08.645Z;/api/10262/shop-order/263500/change?order_by=name
Enchilada;Bar Enchilada Augsburg;10262;263632;179;2024-03-13;4;2026-08-03T22:25:52.037Z;2026-08-03T23:01:04.359Z;/api/10262/shop-order/263632/change?order_by=name
Enchilada;Bar Enchilada Augsburg;10262;265465;180;2024-03-19;4;2026-08-03T22:25:12.322Z;2026-08-03T22:51:20.867Z;/api/10262/shop-order/265465/change?order_by=name
Enchilada;Bar Enchilada Augsburg;10262;267151;182;2024-03-26;4;2026-08-03T22:24:23.935Z;2026-08-03T23:06:36.494Z;/api/10262/shop-order/267151/change?order_by=name
Enchilada;Bar Enchilada Augsburg;10262;268895;184;2024-04-03;4;2026-08-03T22:23:55.633Z;2026-08-03T23:10:04.953Z;/api/10262/shop-order/268895/change?order_by=name
Enchilada;Bar Enchilada Augsburg;10262;269207;186;2024-04-03;4;2026-08-03T22:23:46.892Z;2026-08-03T22:56:54.057Z;/api/10262/shop-order/269207/change?order_by=name
Enchilada;Bar Enchilada Augsburg;10262;271229;188;2024-04-10;4;2026-08-03T22:23:08.592Z;2026-08-03T23:04:17.257Z;/api/10262/shop-order/271229/change?order_by=name
Enchilada;Bar Enchilada Augsburg;10262;273217;191;2024-04-17;4;2026-08-03T22:22:35.363Z;2026-08-03T23:03:43.477Z;/api/10262/shop-order/273217/change?order_by=name
Enchilada;Bar Enchilada Augsburg;10262;276623;195;2024-04-29;4;2026-08-03T22:21:40.499Z;2026-08-03T22:47:50.199Z;/api/10262/shop-order/276623/change?order_by=name
Enchilada;Bar Enchilada Augsburg;10262;278404;197;2024-05-06;4;2026-08-03T22:21:11.279Z;2026-08-03T22:46:24.061Z;/api/10262/shop-order/278404/change?order_by=name
Enchilada;Bar Enchilada Augsburg;10262;284321;205;2024-05-28;4;2026-08-03T22:18:49.468Z;2026-08-03T23:04:59.178Z;/api/10262/shop-order/284321/change?order_by=name
Enchilada;Bar Enchilada Augsburg;10262;290509;210;2024-06-18;4;2026-08-03T22:17:21.381Z;2026-08-03T22:45:29.908Z;/api/10262/shop-order/290509/change?order_by=name
Enchilada;Bar Enchilada Augsburg;10262;290893;211;2024-06-19;4;2026-08-03T22:17:13.406Z;2026-08-03T22:50:25.708Z;/api/10262/shop-order/290893/change?order_by=name
Enchilada;Bar Enchilada Augsburg;10262;293070;213;2024-06-26;4;2026-08-03T22:16:54.141Z;2026-08-03T23:00:03.892Z;/api/10262/shop-order/293070/change?order_by=name
Enchilada;Bar Enchilada Augsburg;10262;296247;218;2024-07-08;4;2026-08-03T22:16:11.647Z;2026-08-03T22:48:23.325Z;/api/10262/shop-order/296247/change?order_by=name
Enchilada;Bar Enchilada Augsburg;10262;303521;227;2024-08-01;4;2026-08-03T22:14:35.694Z;2026-08-03T22:44:45.752Z;/api/10262/shop-order/303521/change?order_by=name
Enchilada;Bar Enchilada Augsburg;10262;307195;230;2024-08-13;4;2026-08-03T22:14:08.097Z;2026-08-03T22:57:19.000Z;/api/10262/shop-order/307195/change?order_by=name
Enchilada;Bar Enchilada Augsburg;10262;309327;232;2024-08-20;4;2026-08-03T22:13:51.798Z;2026-08-03T22:40:05.635Z;/api/10262/shop-order/309327/change?order_by=name
Enchilada;Bar Enchilada Augsburg;10262;311476;234;2024-08-27;4;2026-08-03T22:13:35.381Z;2026-08-03T22:53:43.680Z;/api/10262/shop-order/311476/change?order_by=name
Enchilada;Bar Enchilada Augsburg;10262;320745;243;2024-09-25;4;2026-08-03T22:11:57.793Z;2026-08-03T22:46:06.197Z;/api/10262/shop-order/320745/change?order_by=name
Enchilada;Bar Enchilada Augsburg;10262;326514;250;2024-10-16;4;2026-08-03T22:10:53.147Z;2026-08-03T22:40:03.688Z;/api/10262/shop-order/326514/change?order_by=name
Enchilada;Bar Enchilada Augsburg;10262;332169;257;2024-11-06;4;2026-08-03T22:09:42.273Z;2026-08-03T22:52:51.126Z;/api/10262/shop-order/332169/change?order_by=name
Enchilada;Bar Enchilada Augsburg;10262;332471;258;2024-11-07;4;2026-08-03T22:09:36.070Z;2026-08-03T22:39:49.775Z;/api/10262/shop-order/332471/change?order_by=name
Enchilada;Bar Enchilada Augsburg;10262;336395;262;2024-11-20;4;2026-08-03T22:08:50.399Z;2026-08-03T22:41:59.872Z;/api/10262/shop-order/336395/change?order_by=name
Enchilada;Bar Enchilada Augsburg;10262;340285;265;2024-12-03;4;2026-08-03T22:08:07.290Z;2026-08-03T22:46:19.881Z;/api/10262/shop-order/340285/change?order_by=name
Enchilada;Bar Enchilada Augsburg;10262;340771;266;2024-12-05;4;2026-08-03T22:07:57.690Z;2026-08-03T22:39:07.861Z;/api/10262/shop-order/340771/change?order_by=name
Enchilada;Bar Enchilada Augsburg;10262;345650;271;2024-12-20;4;2026-08-03T22:06:45.508Z;2026-08-03T22:36:58.881Z;/api/10262/shop-order/345650/change?order_by=name
Enchilada;Bar Enchilada Augsburg;10262;351385;276;2025-01-15;4;2026-08-03T22:05:35.842Z;2026-08-03T22:35:47.823Z;/api/10262/shop-order/351385/change?order_by=name
Enchilada;Bar Enchilada Augsburg;10262;356598;281;2025-02-03;4;2026-08-03T22:04:06.387Z;2026-08-03T22:27:16.573Z;/api/10262/shop-order/356598/change?order_by=name
Enchilada;Bar Enchilada Augsburg;10262;356601;282;2025-02-03;4;2026-08-03T22:04:15.148Z;2026-08-03T22:40:25.949Z;/api/10262/shop-order/356601/change?order_by=name
Enchilada;Bar Enchilada Augsburg;10262;359083;284;2025-02-11;4;2026-08-03T22:03:34.598Z;2026-08-03T22:39:47.915Z;/api/10262/shop-order/359083/change?order_by=name
Enchilada;Bar Enchilada Augsburg;10262;359454;285;2025-02-12;4;2026-08-03T22:03:29.478Z;2026-08-03T22:47:37.218Z;/api/10262/shop-order/359454/change?order_by=name
Enchilada;Bar Enchilada Augsburg;10262;361186;286;2025-02-18;4;2026-08-03T22:03:20.378Z;2026-08-03T22:44:28.063Z;/api/10262/shop-order/361186/change?order_by=name
Enchilada;Bar Enchilada Augsburg;10262;363296;288;2025-02-25;4;2026-08-03T22:03:03.963Z;2026-08-03T22:50:12.764Z;/api/10262/shop-order/363296/change?order_by=name
Enchilada;Bar Enchilada Augsburg;10262;365271;289;2025-03-04;4;2026-08-03T22:02:53.953Z;2026-08-03T22:36:01.795Z;/api/10262/shop-order/365271/change?order_by=name
Enchilada;Bar Enchilada Augsburg;10262;365711;290;2025-03-05;4;2026-08-03T22:02:50.468Z;2026-08-03T22:47:58.619Z;/api/10262/shop-order/365711/change?order_by=name
Enchilada;Bar Enchilada Augsburg;10262;367343;291;2025-03-11;4;2026-08-03T22:02:37.970Z;2026-08-03T22:26:47.349Z;/api/10262/shop-order/367343/change?order_by=name
Enchilada;Bar Enchilada Augsburg;10262;367833;292;2025-03-12;4;2026-08-03T22:02:35.019Z;2026-08-03T22:45:44.901Z;/api/10262/shop-order/367833/change?order_by=name
Enchilada;Bar Enchilada Augsburg;10262;369651;293;2025-03-18;4;2026-08-03T22:02:18.963Z;2026-08-03T22:41:26.277Z;/api/10262/shop-order/369651/change?order_by=name
Enchilada;Bar Enchilada Augsburg;10262;369652;294;2025-03-18;4;2026-08-03T22:02:20.969Z;2026-08-03T22:38:34.253Z;/api/10262/shop-order/369652/change?order_by=name
Enchilada;Bar Enchilada Augsburg;10262;372264;296;2025-03-26;4;2026-08-03T22:01:49.751Z;2026-08-03T22:42:59.490Z;/api/10262/shop-order/372264/change?order_by=name
Enchilada;Bar Enchilada Augsburg;10262;374726;298;2025-04-02;4;2026-08-03T22:01:31.820Z;2026-08-03T22:39:45.670Z;/api/10262/shop-order/374726/change?order_by=name
Enchilada;Bar Enchilada Augsburg;10262;376602;299;2025-04-08;4;2026-08-03T22:01:20.145Z;2026-08-03T22:33:30.084Z;/api/10262/shop-order/376602/change?order_by=name
Enchilada;Bar Enchilada Augsburg;10262;376994;300;2025-04-09;4;2026-08-03T22:01:16.989Z;2026-08-03T22:24:29.711Z;/api/10262/shop-order/376994/change?order_by=name
Enchilada;Bar Enchilada Augsburg;10262;378297;301;2025-04-14;4;2026-08-03T22:01:00.792Z;2026-08-03T22:44:11.755Z;/api/10262/shop-order/378297/change?order_by=name
Enchilada;Bar Enchilada Augsburg;10262;378298;302;2025-04-14;4;2026-08-03T22:01:04.171Z;2026-08-03T22:31:21.501Z;/api/10262/shop-order/378298/change?order_by=name
Enchilada;Bar Enchilada Augsburg;10262;380896;305;2025-04-23;4;2026-08-03T22:00:45.021Z;2026-08-03T22:36:53.259Z;/api/10262/shop-order/380896/change?order_by=name
Enchilada;Bar Enchilada Augsburg;10262;382824;306;2025-04-28;4;2026-08-03T22:00:34.282Z;2026-08-03T22:27:43.796Z;/api/10262/shop-order/382824/change?order_by=name
Enchilada;Bar Enchilada Augsburg;10262;383188;307;2025-04-29;4;2026-08-03T22:00:30.998Z;2026-08-03T22:41:37.999Z;/api/10262/shop-order/383188/change?order_by=name
Enchilada;Bar Enchilada Augsburg;10262;384560;308;2025-05-05;4;2026-08-03T22:00:13.729Z;2026-08-03T22:35:22.226Z;/api/10262/shop-order/384560/change?order_by=name
Enchilada;Bar Enchilada Augsburg;10262;384564;309;2025-05-05;4;2026-08-03T22:00:15.716Z;2026-08-03T22:29:23.518Z;/api/10262/shop-order/384564/change?order_by=name
Enchilada;Bar Enchilada Augsburg;10262;387715;310;2025-05-13;4;2026-08-03T22:00:07.748Z;2026-08-03T22:42:18.349Z;/api/10262/shop-order/387715/change?order_by=name
Enchilada;Bar Enchilada Augsburg;10262;390063;312;2025-05-20;4;2026-08-03T21:59:52.936Z;2026-08-03T22:24:02.906Z;/api/10262/shop-order/390063/change?order_by=name
Enchilada;Bar Enchilada Augsburg;10262;390697;313;2025-05-21;4;2026-08-03T21:59:50.250Z;2026-08-03T22:39:58.750Z;/api/10262/shop-order/390697/change?order_by=name
Enchilada;Bar Enchilada Augsburg;10262;392580;314;2025-05-26;4;2026-08-03T21:59:37.511Z;2026-08-03T22:32:45.300Z;/api/10262/shop-order/392580/change?order_by=name
Enchilada;Bar Enchilada Augsburg;10262;393033;315;2025-05-28;4;2026-08-03T21:59:24.636Z;2026-08-03T22:42:33.814Z;/api/10262/shop-order/393033/change?order_by=name
Enchilada;Bar Enchilada Augsburg;10262;395447;316;2025-06-03;4;2026-08-03T21:59:09.690Z;2026-08-03T22:33:18.335Z;/api/10262/shop-order/395447/change?order_by=name
Enchilada;Bar Enchilada Augsburg;10262;395561;317;2025-06-04;4;2026-08-03T21:58:59.579Z;2026-08-03T22:31:08.554Z;/api/10262/shop-order/395561/change?order_by=name
Enchilada;Bar Enchilada Augsburg;10262;398260;319;2025-06-11;4;2026-08-03T21:58:43.520Z;2026-08-03T22:42:55.491Z;/api/10262/shop-order/398260/change?order_by=name
Enchilada;Bar Enchilada Augsburg;10262;400208;320;2025-06-16;4;2026-08-03T21:58:33.750Z;2026-08-03T22:37:45.321Z;/api/10262/shop-order/400208/change?order_by=name
Enchilada;Bar Enchilada Augsburg;10262;400643;321;2025-06-18;4;2026-08-03T21:58:19.343Z;2026-08-03T22:38:32.360Z;/api/10262/shop-order/400643/change?order_by=name
Enchilada;Bar Enchilada Augsburg;10262;402321;322;2025-06-23;4;2026-08-03T21:58:01.898Z;2026-08-03T22:37:10.384Z;/api/10262/shop-order/402321/change?order_by=name
Enchilada;Bar Enchilada Augsburg;10262;402334;323;2025-06-23;4;2026-08-03T21:58:04.152Z;2026-08-03T22:29:16.344Z;/api/10262/shop-order/402334/change?order_by=name
Enchilada;Bar Enchilada Augsburg;10262;405059;324;2025-06-30;4;2026-08-03T21:57:52.009Z;2026-08-03T22:35:00.962Z;/api/10262/shop-order/405059/change?order_by=name
Enchilada;Bar Enchilada Augsburg;10262;405904;325;2025-07-01;4;2026-08-03T21:57:46.334Z;2026-08-03T22:46:54.430Z;/api/10262/shop-order/405904/change?order_by=name
Enchilada;Bar Enchilada Augsburg;10262;408738;327;2025-07-08;4;2026-08-03T21:57:31.893Z;2026-08-03T22:37:40.060Z;/api/10262/shop-order/408738/change?order_by=name
Enchilada;Bar Enchilada Augsburg;10262;409239;328;2025-07-09;4;2026-08-03T21:57:27.607Z;2026-08-03T22:23:37.613Z;/api/10262/shop-order/409239/change?order_by=name
Enchilada;Bar Enchilada Augsburg;10262;411663;329;2025-07-15;4;2026-08-03T21:57:19.708Z;2026-08-03T22:39:30.666Z;/api/10262/shop-order/411663/change?order_by=name
Enchilada;Bar Enchilada Augsburg;10262;412585;330;2025-07-17;4;2026-08-03T21:57:13.079Z;2026-08-03T22:36:26.084Z;/api/10262/shop-order/412585/change?order_by=name
Enchilada;Bar Enchilada Augsburg;10262;414601;331;2025-07-22;4;2026-08-03T21:57:01.276Z;2026-08-03T22:18:14.117Z;/api/10262/shop-order/414601/change?order_by=name
Enchilada;Bar Enchilada Augsburg;10262;414897;332;2025-07-23;4;2026-08-03T21:56:57.601Z;2026-08-03T22:31:06.735Z;/api/10262/shop-order/414897/change?order_by=name
Enchilada;Bar Enchilada Augsburg;10262;417718;333;2025-07-29;4;2026-08-03T21:56:49.215Z;2026-08-03T22:37:59.762Z;/api/10262/shop-order/417718/change?order_by=name
Enchilada;Bar Enchilada Augsburg;10262;418231;334;2025-07-30;4;2026-08-03T21:56:38.533Z;2026-08-03T22:25:48.471Z;/api/10262/shop-order/418231/change?order_by=name
Enchilada;Bar Enchilada Augsburg;10262;420954;335;2025-08-05;4;2026-08-03T21:56:32.091Z;2026-08-03T22:25:43.093Z;/api/10262/shop-order/420954/change?order_by=name
Enchilada;Bar Enchilada Augsburg;10262;421488;336;2025-08-06;4;2026-08-03T21:56:29.300Z;2026-08-03T22:31:41.395Z;/api/10262/shop-order/421488/change?order_by=name
Enchilada;Bar Enchilada Augsburg;10262;423616;337;2025-08-12;4;2026-08-03T21:56:12.127Z;2026-08-03T22:24:18.771Z;/api/10262/shop-order/423616/change?order_by=name
Enchilada;Bar Enchilada Augsburg;10262;423967;338;2025-08-12;4;2026-08-03T21:56:13.577Z;2026-08-03T22:36:19.867Z;/api/10262/shop-order/423967/change?order_by=name
Enchilada;Bar Enchilada Augsburg;10262;426964;339;2025-08-19;4;2026-08-03T21:56:06.183Z;2026-08-03T22:32:14.366Z;/api/10262/shop-order/426964/change?order_by=name
Enchilada;Bar Enchilada Augsburg;10262;427426;340;2025-08-20;4;2026-08-03T21:56:03.112Z;2026-08-03T22:20:11.678Z;/api/10262/shop-order/427426/change?order_by=name
Enchilada;Bar Enchilada Augsburg;10262;429953;341;2025-08-26;4;2026-08-03T21:55:50.864Z;2026-08-03T22:32:01.055Z;/api/10262/shop-order/429953/change?order_by=name
Enchilada;Bar Enchilada Augsburg;10262;430470;342;2025-08-27;4;2026-08-03T21:55:47.533Z;2026-08-03T22:24:53.489Z;/api/10262/shop-order/430470/change?order_by=name
Enchilada;Bar Enchilada Augsburg;10262;433389;343;2025-09-02;4;2026-08-03T21:55:41.029Z;2026-08-03T22:30:49.796Z;/api/10262/shop-order/433389/change?order_by=name
Enchilada;Bar Enchilada Augsburg;10262;433821;344;2025-09-03;4;2026-08-03T21:55:37.718Z;2026-08-03T22:29:45.088Z;/api/10262/shop-order/433821/change?order_by=name
Enchilada;Bar Enchilada Augsburg;10262;436456;345;2025-09-09;4;2026-08-03T21:55:32.198Z;2026-08-03T22:39:43.492Z;/api/10262/shop-order/436456/change?order_by=name
Enchilada;Bar Enchilada Augsburg;10262;437069;346;2025-09-11;4;2026-08-03T21:55:29.490Z;2026-08-03T22:38:36.092Z;/api/10262/shop-order/437069/change?order_by=name
Enchilada;Bar Enchilada Augsburg;10262;439283;347;2025-09-15;4;2026-08-03T21:55:24.711Z;2026-08-03T22:19:35.216Z;/api/10262/shop-order/439283/change?order_by=name
Enchilada;Bar Enchilada Augsburg;10262;439370;348;2025-09-16;4;2026-08-03T21:55:17.797Z;2026-08-03T22:27:27.696Z;/api/10262/shop-order/439370/change?order_by=name
Enchilada;Bar Enchilada Augsburg;10262;443196;349;2025-09-23;4;2026-08-03T21:55:07.812Z;2026-08-03T22:23:16.974Z;/api/10262/shop-order/443196/change?order_by=name
Enchilada;Bar Enchilada Augsburg;10262;443376;350;2025-09-24;4;2026-08-03T21:55:03.230Z;2026-08-03T22:26:11.144Z;/api/10262/shop-order/443376/change?order_by=name
Enchilada;Bar Enchilada Augsburg;10262;445589;351;2025-09-29;4;2026-08-03T21:54:52.453Z;2026-08-03T22:21:00.216Z;/api/10262/shop-order/445589/change?order_by=name
Enchilada;Bar Enchilada Augsburg;10262;449643;352;2025-10-07;4;2026-08-03T21:54:45.143Z;2026-08-03T22:32:53.764Z;/api/10262/shop-order/449643/change?order_by=name
Enchilada;Bar Enchilada Augsburg;10262;450054;353;2025-10-08;4;2026-08-03T21:54:36.591Z;2026-08-03T22:31:44.481Z;/api/10262/shop-order/450054/change?order_by=name
Enchilada;Bar Enchilada Augsburg;10262;452560;354;2025-10-14;4;2026-08-03T21:54:23.503Z;2026-08-03T22:35:32.593Z;/api/10262/shop-order/452560/change?order_by=name
Enchilada;Bar Enchilada Augsburg;10262;452954;355;2025-10-15;4;2026-08-03T21:54:12.733Z;2026-08-03T22:21:20.092Z;/api/10262/shop-order/452954/change?order_by=name
Enchilada;Bar Enchilada Augsburg;10262;453335;356;2025-10-15;4;2026-08-03T21:54:14.685Z;2026-08-03T22:28:21.424Z;/api/10262/shop-order/453335/change?order_by=name
Enchilada;Bar Enchilada Augsburg;10262;456413;357;2025-10-22;4;2026-08-03T21:54:04.736Z;2026-08-03T22:29:14.529Z;/api/10262/shop-order/456413/change?order_by=name
Enchilada;Bar Enchilada Augsburg;10262;457096;358;2025-10-23;4;2026-08-03T21:54:01.870Z;2026-08-03T22:40:08.679Z;/api/10262/shop-order/457096/change?order_by=name
Enchilada;Bar Enchilada Augsburg;10262;457765;359;2025-10-24;4;2026-08-03T21:53:56.849Z;2026-08-03T22:25:04.642Z;/api/10262/shop-order/457765/change?order_by=name
Enchilada;Bar Enchilada Augsburg;10262;459434;360;2025-10-28;4;2026-08-03T21:53:37.293Z;2026-08-03T22:25:46.433Z;/api/10262/shop-order/459434/change?order_by=name
Enchilada;Bar Enchilada Augsburg;10262;463502;361;2025-11-04;4;2026-08-03T21:53:24.388Z;2026-08-03T22:27:32.384Z;/api/10262/shop-order/463502/change?order_by=name
Enchilada;Bar Enchilada Augsburg;10262;464141;363;2025-11-05;4;2026-08-03T21:53:19.885Z;2026-08-03T22:26:29.549Z;/api/10262/shop-order/464141/change?order_by=name
Enchilada;Bar Enchilada Augsburg;10262;466406;364;2025-11-10;4;2026-08-03T21:53:14.047Z;2026-08-03T22:34:21.761Z;/api/10262/shop-order/466406/change?order_by=name
Enchilada;Bar Enchilada Augsburg;10262;467779;365;2025-11-12;4;2026-08-03T21:53:05.370Z;2026-08-03T22:23:13.380Z;/api/10262/shop-order/467779/change?order_by=name
Enchilada;Bar Enchilada Augsburg;10262;471015;366;2025-11-18;4;2026-08-03T21:52:56.742Z;2026-08-03T22:29:05.168Z;/api/10262/shop-order/471015/change?order_by=name
Enchilada;Bar Enchilada Augsburg;10262;471645;367;2025-11-19;4;2026-08-03T21:52:53.434Z;2026-08-03T22:27:02.966Z;/api/10262/shop-order/471645/change?order_by=name
Enchilada;Bar Enchilada Augsburg;10262;474799;368;2025-11-25;4;2026-08-03T21:52:42.098Z;2026-08-03T22:21:51.203Z;/api/10262/shop-order/474799/change?order_by=name
Enchilada;Bar Enchilada Augsburg;10262;475503;369;2025-11-26;4;2026-08-03T21:52:34.304Z;2026-08-03T22:30:41.848Z;/api/10262/shop-order/475503/change?order_by=name
Enchilada;Bar Enchilada Augsburg;10262;478892;370;2025-12-02;4;2026-08-03T21:52:22.261Z;2026-08-03T22:38:29.873Z;/api/10262/shop-order/478892/change?order_by=name
Enchilada;Bar Enchilada Augsburg;10262;479563;371;2025-12-03;4;2026-08-03T21:52:24.173Z;2026-08-03T22:29:30.786Z;/api/10262/shop-order/479563/change?order_by=name
Enchilada;Bar Enchilada Augsburg;10262;482575;372;2025-12-09;4;2026-08-03T21:52:11.574Z;2026-08-03T22:34:18.372Z;/api/10262/shop-order/482575/change?order_by=name
Enchilada;Bar Enchilada Augsburg;10262;483323;373;2025-12-10;4;2026-08-03T21:52:05.953Z;2026-08-03T22:19:14.902Z;/api/10262/shop-order/483323/change?order_by=name
Enchilada;Bar Enchilada Augsburg;10262;486589;374;2025-12-16;4;2026-08-03T21:51:58.156Z;2026-08-03T22:24:08.228Z;/api/10262/shop-order/486589/change?order_by=name
Enchilada;Bar Enchilada Augsburg;10262;487237;376;2025-12-17;4;2026-08-03T21:51:49.667Z;2026-08-03T22:31:59.313Z;/api/10262/shop-order/487237/change?order_by=name
Enchilada;Bar Enchilada Augsburg;10262;489756;377;2025-12-22;4;2026-08-03T21:51:40.463Z;2026-08-03T22:40:48.004Z;/api/10262/shop-order/489756/change?order_by=name
Enchilada;Bar Enchilada Augsburg;10262;492303;378;2025-12-29;4;2026-08-03T21:51:34.616Z;2026-08-03T22:36:43.375Z;/api/10262/shop-order/492303/change?order_by=name
Enchilada;Bar Enchilada Augsburg;10262;494570;379;2026-01-05;4;2026-08-03T21:51:17.107Z;2026-08-03T22:13:25.321Z;/api/10262/shop-order/494570/change?order_by=name
Enchilada;Bar Enchilada Augsburg;10262;494574;380;2026-01-05;4;2026-08-03T21:51:18.858Z;2026-08-03T22:26:27.792Z;/api/10262/shop-order/494574/change?order_by=name
Enchilada;Bar Enchilada Augsburg;10262;498864;382;2026-01-13;4;2026-08-03T21:50:54.595Z;2026-08-03T22:35:02.405Z;/api/10262/shop-order/498864/change?order_by=name
Enchilada;Bar Enchilada Augsburg;10262;499466;383;2026-01-14;4;2026-08-03T21:50:41.329Z;2026-08-03T22:18:58.179Z;/api/10262/shop-order/499466/change?order_by=name
Enchilada;Bar Enchilada Augsburg;10262;502413;384;2026-01-20;4;2026-08-03T21:50:30.717Z;2026-08-03T22:28:37.410Z;/api/10262/shop-order/502413/change?order_by=name
Enchilada;Bar Enchilada Augsburg;10262;503074;385;2026-01-21;4;2026-08-03T21:50:25.643Z;2026-08-03T22:23:35.257Z;/api/10262/shop-order/503074/change?order_by=name
Enchilada;Bar Enchilada Augsburg;10262;506196;386;2026-01-27;4;2026-08-03T21:50:15.779Z;2026-08-03T22:35:23.915Z;/api/10262/shop-order/506196/change?order_by=name
Enchilada;Bar Enchilada Augsburg;10262;506996;387;2026-01-28;4;2026-08-03T21:50:12.593Z;2026-08-03T22:30:20.355Z;/api/10262/shop-order/506996/change?order_by=name
Enchilada;Bar Enchilada Augsburg;10262;510106;388;2026-02-03;4;2026-08-03T21:49:57.492Z;2026-08-03T22:22:05.849Z;/api/10262/shop-order/510106/change?order_by=name
Enchilada;Bar Enchilada Augsburg;10262;510678;389;2026-02-04;4;2026-08-03T21:49:47.199Z;2026-08-03T22:33:56.670Z;/api/10262/shop-order/510678/change?order_by=name
Enchilada;Bar Enchilada Augsburg;10262;513884;390;2026-02-10;4;2026-08-03T21:49:41.155Z;2026-08-03T22:09:55.265Z;/api/10262/shop-order/513884/change?order_by=name
Enchilada;Bar Enchilada Augsburg;10262;514756;391;2026-02-11;4;2026-08-03T21:49:38.422Z;2026-08-03T22:13:46.151Z;/api/10262/shop-order/514756/change?order_by=name
Enchilada;Bar Enchilada Augsburg;10262;518000;392;2026-02-17;4;2026-08-03T21:49:32.553Z;2026-08-03T22:34:43.790Z;/api/10262/shop-order/518000/change?order_by=name
Enchilada;Bar Enchilada Augsburg;10262;518793;393;2026-02-18;4;2026-08-03T21:49:24.054Z;2026-08-03T22:21:32.057Z;/api/10262/shop-order/518793/change?order_by=name
Enchilada;Bar Enchilada Augsburg;10262;521870;394;2026-02-24;4;2026-08-03T21:49:16.989Z;2026-08-03T22:15:25.140Z;/api/10262/shop-order/521870/change?order_by=name
Enchilada;Bar Enchilada Augsburg;10262;522929;395;2026-02-26;4;2026-08-03T21:49:10.436Z;2026-08-03T22:30:18.478Z;/api/10262/shop-order/522929/change?order_by=name
Enchilada;Bar Enchilada Augsburg;10262;525606;396;2026-03-02;4;2026-08-03T21:49:04.125Z;2026-08-03T22:28:10.422Z;/api/10262/shop-order/525606/change?order_by=name
Enchilada;Bar Enchilada Augsburg;10262;526988;398;2026-03-04;4;2026-08-03T21:48:55.927Z;2026-08-03T22:20:05.222Z;/api/10262/shop-order/526988/change?order_by=name
Enchilada;Bar Enchilada Augsburg;10262;530682;399;2026-03-11;4;2026-08-03T21:48:41.734Z;2026-08-03T22:13:47.888Z;/api/10262/shop-order/530682/change?order_by=name
Enchilada;Bar Enchilada Augsburg;10262;530756;401;2026-03-11;4;2026-08-03T21:48:46.466Z;2026-08-03T22:31:55.138Z;/api/10262/shop-order/530756/change?order_by=name
Enchilada;Bar Enchilada Augsburg;10262;535071;402;2026-03-17;4;2026-08-03T21:48:33.473Z;2026-08-03T22:25:41.304Z;/api/10262/shop-order/535071/change?order_by=name
Enchilada;Bar Enchilada Augsburg;10262;535222;403;2026-03-18;4;2026-08-03T21:48:30.705Z;2026-08-03T22:19:39.109Z;/api/10262/shop-order/535222/change?order_by=name
Enchilada;Bar Enchilada Augsburg;10262;539409;404;2026-03-24;4;2026-08-03T21:48:23.958Z;2026-08-03T22:09:30.848Z;/api/10262/shop-order/539409/change?order_by=name
Enchilada;Bar Enchilada Augsburg;10262;539952;405;2026-03-25;4;2026-08-03T21:48:21.128Z;2026-08-03T22:28:29.079Z;/api/10262/shop-order/539952/change?order_by=name
Enchilada;Bar Enchilada Augsburg;10262;542259;406;2026-03-29;4;2026-08-03T21:48:16.432Z;2026-08-03T22:30:23.935Z;/api/10262/shop-order/542259/change?order_by=name
Enchilada;Bar Enchilada Augsburg;10262;543778;407;2026-03-31;4;2026-08-03T21:48:10.326Z;2026-08-03T22:15:16.475Z;/api/10262/shop-order/543778/change?order_by=name
Enchilada;Bar Enchilada Augsburg;10262;546853;408;2026-04-07;4;2026-08-03T21:48:05.819Z;2026-08-03T22:17:11.755Z;/api/10262/shop-order/546853/change?order_by=name
Enchilada;Bar Enchilada Augsburg;10262;547604;409;2026-04-08;4;2026-08-03T21:47:59.134Z;2026-08-03T22:16:05.854Z;/api/10262/shop-order/547604/change?order_by=name
Enchilada;Bar Enchilada Augsburg;10262;551403;410;2026-04-14;4;2026-08-03T21:47:42.882Z;2026-08-03T22:11:49.440Z;/api/10262/shop-order/551403/change?order_by=name
Enchilada;Bar Enchilada Augsburg;10262;552183;411;2026-04-15;4;2026-08-03T21:47:39.679Z;2026-08-03T22:35:49.378Z;/api/10262/shop-order/552183/change?order_by=name
Enchilada;Bar Enchilada Augsburg;10262;555824;412;2026-04-21;4;2026-08-03T21:47:31.413Z;2026-08-03T22:10:41.100Z;/api/10262/shop-order/555824/change?order_by=name
Enchilada;Bar Enchilada Augsburg;10262;556542;413;2026-04-22;4;2026-08-03T21:47:25.780Z;2026-08-03T22:24:33.219Z;/api/10262/shop-order/556542/change?order_by=name
Enchilada;Bar Enchilada Augsburg;10262;559686;414;2026-04-27;4;2026-08-03T21:47:14.410Z;2026-08-03T22:21:21.679Z;/api/10262/shop-order/559686/change?order_by=name
Enchilada;Bar Enchilada Augsburg;10262;560835;415;2026-04-29;4;2026-08-03T21:46:57.928Z;2026-08-03T22:19:05.933Z;/api/10262/shop-order/560835/change?order_by=name
Enchilada;Bar Enchilada Augsburg;10262;564656;416;2026-05-06;4;2026-08-03T21:46:40.184Z;2026-08-03T22:28:51.488Z;/api/10262/shop-order/564656/change?order_by=name
Enchilada;Bar Enchilada Augsburg;10262;565312;417;2026-05-06;4;2026-08-03T21:46:42.169Z;2026-08-03T22:16:50.320Z;/api/10262/shop-order/565312/change?order_by=name
Enchilada;Bar Enchilada Augsburg;10262;567454;418;2026-05-10;4;2026-08-03T21:46:34.901Z;2026-08-03T22:17:42.343Z;/api/10262/shop-order/567454/change?order_by=name
Enchilada;Bar Enchilada Augsburg;10262;568562;419;2026-05-12;4;2026-08-03T21:46:26.014Z;2026-08-03T22:25:34.749Z;/api/10262/shop-order/568562/change?order_by=name
Enchilada;Bar Enchilada Augsburg;10262;572326;421;2026-05-18;4;2026-08-03T21:46:11.993Z;2026-08-03T22:23:20.465Z;/api/10262/shop-order/572326/change?order_by=name
Enchilada;Bar Enchilada Augsburg;10262;573847;422;2026-05-20;4;2026-08-03T21:46:03.988Z;2026-08-03T22:19:13.079Z;/api/10262/shop-order/573847/change?order_by=name
Enchilada;Bar Enchilada Augsburg;10262;577026;423;2026-05-26;4;2026-08-03T21:45:50.276Z;2026-08-03T22:24:56.657Z;/api/10262/shop-order/577026/change?order_by=name
Enchilada;Bar Enchilada Augsburg;10262;578060;424;2026-05-27;4;2026-08-03T21:45:47.100Z;2026-08-03T22:16:56.043Z;/api/10262/shop-order/578060/change?order_by=name
Enchilada;Bar Enchilada Augsburg;10262;580981;425;2026-06-01;4;2026-08-03T21:45:38.444Z;2026-08-03T22:34:45.267Z;/api/10262/shop-order/580981/change?order_by=name
Enchilada;Bar Enchilada Augsburg;10262;581824;426;2026-06-02;4;2026-08-03T21:45:31.538Z;2026-08-03T22:24:40.655Z;/api/10262/shop-order/581824/change?order_by=name
Enchilada;Bar Enchilada Augsburg;10262;585293;427;2026-06-09;4;2026-08-03T21:45:19.317Z;2026-08-03T22:27:26.228Z;/api/10262/shop-order/585293/change?order_by=name
Enchilada;Bar Enchilada Augsburg;10262;586591;428;2026-06-11;4;2026-08-03T21:45:13.454Z;2026-08-03T22:22:19.247Z;/api/10262/shop-order/586591/change?order_by=name
Enchilada;Bar Enchilada Augsburg;10262;590069;429;2026-06-16;4;2026-08-03T21:45:03.853Z;2026-08-03T22:08:10.201Z;/api/10262/shop-order/590069/change?order_by=name
Enchilada;Bar Enchilada Augsburg;10262;590878;430;2026-06-17;4;2026-08-03T21:44:59.525Z;2026-08-03T22:07:06.387Z;/api/10262/shop-order/590878/change?order_by=name
Enchilada;Bar Enchilada Augsburg;10262;594564;431;2026-06-23;4;2026-08-03T21:44:46.903Z;2026-08-03T22:25:53.809Z;/api/10262/shop-order/594564/change?order_by=name
Enchilada;Bar Enchilada Augsburg;10262;595263;432;2026-06-24;4;2026-08-03T21:44:41.939Z;2026-08-03T22:25:50.026Z;/api/10262/shop-order/595263/change?order_by=name
Enchilada;Bar Enchilada Augsburg;10262;598883;433;2026-06-30;4;2026-08-03T21:44:27.911Z;2026-08-03T22:29:36.085Z;/api/10262/shop-order/598883/change?order_by=name
Enchilada;Bar Enchilada Augsburg;10262;599530;434;2026-07-01;4;2026-08-03T21:44:23.815Z;2026-08-03T22:16:31.021Z;/api/10262/shop-order/599530/change?order_by=name
Enchilada;Bar Enchilada Augsburg;10262;603489;435;2026-07-08;4;2026-08-03T21:44:10.969Z;2026-08-03T22:17:18.205Z;/api/10262/shop-order/603489/change?order_by=name
Enchilada;Bar Enchilada Augsburg;10262;604178;436;2026-07-08;4;2026-08-03T21:44:05.381Z;2026-08-03T22:14:13.579Z;/api/10262/shop-order/604178/change?order_by=name
Enchilada;Bar Enchilada Augsburg;10262;607883;437;2026-07-14;4;2026-08-03T21:43:57.304Z;2026-08-03T22:15:03.459Z;/api/10262/shop-order/607883/change?order_by=name
Enchilada;Bar Enchilada Augsburg;10262;608615;438;2026-07-15;4;2026-08-03T21:43:52.788Z;2026-08-03T22:28:00.929Z;/api/10262/shop-order/608615/change?order_by=name
Enchilada;Bar Enchilada Augsburg;10262;612264;439;2026-07-21;4;2026-08-03T21:43:41.218Z;2026-08-03T22:06:49.156Z;/api/10262/shop-order/612264/change?order_by=name
Enchilada;Bar Enchilada Augsburg;10262;612946;440;2026-07-22;4;2026-08-03T21:43:37.031Z;2026-08-03T22:12:43.597Z;/api/10262/shop-order/612946/change?order_by=name
Enchilada;Bar Enchilada Augsburg;10262;616824;441;2026-07-28;4;2026-08-03T21:43:25.959Z;2026-08-03T22:26:32.355Z;/api/10262/shop-order/616824/change?order_by=name
Enchilada;Bar Enchilada Augsburg;10262;617552;442;2026-07-30;4;2026-08-03T21:43:16.437Z;2026-08-03T22:18:26.303Z;/api/10262/shop-order/617552/change?order_by=name
Wilma Wunder;Bar Karlsruhe;10772;540067;316;2026-03-25;1;2026-08-03T15:09:04.470Z;2026-08-03T15:09:04.470Z;/api/10772/shop-order/540067/change?order_by=name
Wilma Wunder;Bar Karlsruhe;10772;542070;317;2026-03-29;1;2026-08-03T15:08:50.580Z;2026-08-03T15:08:50.580Z;/api/10772/shop-order/542070/change?order_by=name
Wilma Wunder;Bar Karlsruhe;10772;547774;318;2026-04-09;1;2026-08-03T15:08:04.262Z;2026-08-03T15:08:04.262Z;/api/10772/shop-order/547774/change?order_by=name
Wilma Wunder;Bar Karlsruhe;10772;548899;319;2026-04-11;1;2026-08-03T15:07:57.454Z;2026-08-03T15:07:57.454Z;/api/10772/shop-order/548899/change?order_by=name
Wilma Wunder;Bar Karlsruhe;10772;550515;322;2026-04-13;1;2026-08-03T15:07:35.472Z;2026-08-03T15:07:35.472Z;/api/10772/shop-order/550515/change?order_by=name
Wilma Wunder;Bar Karlsruhe;10772;555139;325;2026-04-20;1;2026-08-03T15:06:42.286Z;2026-08-03T15:06:42.286Z;/api/10772/shop-order/555139/change?order_by=name
Wilma Wunder;Bar Freudenstadt;12289;610386;32;2026-07-19;4;2026-08-03T14:27:12.712Z;2026-08-03T15:12:19.324Z;/api/12289/shop-order/610386/change?order_by=name
Wilma Wunder;Bar Freudenstadt;12289;618817;34;2026-08-01;4;2026-08-03T14:26:45.882Z;2026-08-03T15:03:54.206Z;/api/12289/shop-order/618817/change?order_by=name
